Trial,time,PositionX,PositionY,PositionZ,RotationQX,RotationQY,RotationQZ,RotationQW
40,0,0.5340427,1.340768,0.04436544,0.399301,-0.4758506,0.4588379,-0.6352894
40,0.01111111,0.5335275,1.341221,0.04381344,0.4012266,-0.470319,0.4544938,-0.6412899
40,0.02222222,0.5336335,1.344308,0.0445441,0.3995781,-0.4764859,0.4511504,-0.6401263
40,0.03333334,0.5327453,1.346964,0.04480754,0.3995581,-0.4777985,0.4482886,-0.6411703
40,0.04444445,0.532146,1.349664,0.04517816,0.4011595,-0.4775042,0.4451047,-0.6426061
40,0.05555556,0.5324486,1.351846,0.0447785,0.4024964,-0.4763592,0.4420554,-0.6447214
40,0.06666667,0.5314708,1.356498,0.04484846,0.4031784,-0.4746806,0.438637,-0.6478603
40,0.07777778,0.5314708,1.356498,0.04484846,0.4031784,-0.4746806,0.438637,-0.6478603
40,0.08888889,0.5306091,1.362886,0.04433629,0.4020241,-0.4705467,0.4350517,-0.6539819
40,0.1,0.5295553,1.366793,0.04442303,0.4019457,-0.4682234,0.432278,-0.6575273
40,0.1111111,0.5287184,1.371882,0.04427762,0.4023986,-0.4652613,0.4291058,-0.6614195
40,0.1222222,0.5274249,1.377048,0.04428701,0.404064,-0.462817,0.4250915,-0.6647029
40,0.1333333,0.5262181,1.382668,0.04462271,0.4067302,-0.4603821,0.4204201,-0.6677318
40,0.1444445,0.5247287,1.388427,0.04506128,0.4102478,-0.4577612,0.4148556,-0.670855
40,0.1555556,0.5234482,1.394233,0.04537814,0.4135365,-0.4548745,0.4095721,-0.6740382
40,0.1666667,0.5218067,1.40003,0.04585051,0.4170789,-0.4514272,0.4038971,-0.6775882
40,0.1777778,0.5201213,1.406652,0.04593287,0.4211322,-0.4474784,0.3972793,-0.6816011
40,0.1888889,0.51837,1.413151,0.0459185,0.4242612,-0.4438882,0.3911501,-0.6855416
40,0.2,0.5163204,1.420283,0.04584238,0.4269996,-0.4402253,0.3846858,-0.6898477
40,0.2111111,0.5143012,1.42716,0.04593144,0.4298006,-0.4366499,0.3786247,-0.6937231
40,0.2222222,0.5121834,1.434286,0.04578857,0.4321902,-0.4325014,0.3727456,-0.6980079
40,0.2333333,0.50982,1.441354,0.04565175,0.4349635,-0.4278643,0.3667268,-0.7023178
40,0.2444444,0.5076042,1.448465,0.04550099,0.4378219,-0.4233949,0.3602818,-0.7065734
40,0.2555556,0.5050077,1.455388,0.04543197,0.4415738,-0.4186279,0.3535236,-0.7104818
40,0.2666667,0.5020449,1.462579,0.04573125,0.4458221,-0.414347,0.3460884,-0.7139901
40,0.2777778,0.4989165,1.46976,0.046101,0.4496933,-0.4101352,0.3388522,-0.7174567
40,0.2888889,0.4959099,1.476655,0.04612616,0.4530256,-0.4062592,0.3316365,-0.7209289
40,0.3,0.4928847,1.483658,0.0460099,0.4559677,-0.402076,0.3243494,-0.7247246
40,0.3111111,0.4896095,1.490469,0.04568873,0.4582545,-0.3984103,0.3168978,-0.7285931
40,0.3222222,0.4863549,1.497238,0.04525416,0.4606155,-0.394526,0.3095894,-0.7323502
40,0.3333333,0.4831119,1.503897,0.0450291,0.4631792,-0.3904174,0.3023437,-0.7359536
40,0.3444445,0.4796442,1.510481,0.0447749,0.4660033,-0.3859705,0.295258,-0.7393852
40,0.3555556,0.4762019,1.516501,0.04459109,0.4695213,-0.3813968,0.2882403,-0.7422962
40,0.3666667,0.4723913,1.522366,0.04452031,0.4733246,-0.3767311,0.2812054,-0.7449569
40,0.3777778,0.4687625,1.528063,0.0441663,0.4769228,-0.3723594,0.2737631,-0.7476275
40,0.3888889,0.4652043,1.533601,0.04386663,0.4800943,-0.3686509,0.2660304,-0.7502224
40,0.4,0.4611443,1.539136,0.04368111,0.482959,-0.3645821,0.258589,-0.752969
40,0.4111111,0.4575949,1.544249,0.04321541,0.4859114,-0.3607625,0.2506561,-0.7555873
40,0.4222222,0.4538022,1.549455,0.04270155,0.48884,-0.3567847,0.2432705,-0.757997
40,0.4333333,0.4501664,1.553964,0.0421652,0.4917197,-0.3536531,0.235479,-0.7600597
40,0.4444444,0.4466778,1.558749,0.04157915,0.4946353,-0.3502741,0.2279442,-0.7620271
40,0.4555556,0.4430888,1.562973,0.04094945,0.4973173,-0.3473589,0.2210686,-0.76364
40,0.4666667,0.4387957,1.56703,0.0405203,0.4997098,-0.3445138,0.2148486,-0.7651408
40,0.4777778,0.4353468,1.570731,0.03989068,0.5019392,-0.3418052,0.2087855,-0.7665735
40,0.4888889,0.4320677,1.574084,0.03919184,0.5044019,-0.3386483,0.2031052,-0.7678831
40,0.5,0.4285987,1.577209,0.03856067,0.5069432,-0.3354239,0.1975333,-0.7690775
40,0.5111111,0.4254062,1.580241,0.03781498,0.5092655,-0.3323367,0.1924609,-0.7701685
40,0.5222223,0.4220192,1.582597,0.03719516,0.5113261,-0.3294985,0.1880409,-0.7711142
40,0.5333334,0.4190386,1.58464,0.03619449,0.5130258,-0.3269975,0.1836688,-0.772103
40,0.5444446,0.4161117,1.586486,0.03528421,0.5140845,-0.32479,0.1795675,-0.7732943
40,0.5555557,0.4135281,1.588096,0.03409694,0.5148869,-0.3225541,0.1756459,-0.774596
40,0.5666668,0.4110866,1.58957,0.03301647,0.5157251,-0.3204771,0.1719125,-0.775737
40,0.577778,0.4088464,1.590596,0.03174023,0.5162312,-0.3185052,0.1685196,-0.7769561
40,0.5888891,0.4070941,1.591043,0.03038368,0.51696,-0.3163808,0.1655595,-0.7779752
40,0.6000003,0.4049847,1.591466,0.02901491,0.518298,-0.3140101,0.1623189,-0.7787281
40,0.6111114,0.403719,1.591362,0.02764427,0.5197572,-0.3125581,0.1601881,-0.7787809
40,0.6222225,0.4021909,1.591396,0.02640231,0.5213429,-0.3111759,0.1574289,-0.7788373
40,0.6333337,0.4009399,1.590897,0.02464589,0.5237182,-0.3105837,0.1544897,-0.7780681
40,0.6444448,0.4000885,1.590047,0.02336915,0.5259783,-0.3108147,0.1521307,-0.7769153
40,0.655556,0.3991929,1.58931,0.02155472,0.5283133,-0.310815,0.1496563,-0.7758106
40,0.6666671,0.3991943,1.587894,0.01913707,0.5307921,-0.311186,0.1479256,-0.7743004
40,0.6777782,0.3989051,1.586661,0.01710942,0.5330292,-0.3111199,0.1459262,-0.7731687
40,0.6888894,0.3990349,1.585054,0.01440955,0.5357389,-0.3112639,0.1447435,-0.7714582
40,0.7000005,0.3992376,1.583031,0.01159507,0.539407,-0.3109264,0.1443888,-0.7691013
40,0.7111117,0.3994023,1.581149,0.008774303,0.5433525,-0.3108398,0.1439427,-0.7664379
40,0.7222228,0.3997763,1.578705,0.005685583,0.5486107,-0.3106536,0.1447439,-0.7626072
40,0.7333339,0.4003027,1.576286,0.00267005,0.5542172,-0.310499,0.1452475,-0.7585096
40,0.7444451,0.4008574,1.573441,-0.000619404,0.5610117,-0.3107366,0.1464322,-0.7531708
40,0.7555562,0.4015693,1.570386,-0.004288342,0.5677931,-0.3114928,0.147838,-0.7474805
40,0.7666674,0.4023369,1.567274,-0.008173905,0.5743729,-0.3130184,0.1490941,-0.7415431
40,0.7777785,0.403294,1.563695,-0.01230557,0.581287,-0.3145257,0.1502489,-0.7352579
40,0.7888896,0.404191,1.560258,-0.01636741,0.5879199,-0.315964,0.1513481,-0.7291163
40,0.8000008,0.4053198,1.556461,-0.0205563,0.5949159,-0.3173863,0.1531663,-0.7224134
40,0.8111119,0.4065122,1.552285,-0.02495328,0.6025233,-0.3185023,0.1561032,-0.7149501
40,0.8222231,0.4080343,1.547758,-0.02953047,0.6107447,-0.3197371,0.159638,-0.7065938
40,0.8333342,0.4093911,1.54313,-0.03360955,0.6192108,-0.3215313,0.1636757,-0.6974281
40,0.8444453,0.410939,1.53825,-0.03799371,0.6276981,-0.3236979,0.1678669,-0.6877758
40,0.8555565,0.4126745,1.533213,-0.0425287,0.636085,-0.325711,0.1718586,-0.6780655
40,0.8666676,0.4143304,1.52814,-0.04674869,0.643643,-0.3280026,0.1754724,-0.6688403
40,0.8777788,0.4162833,1.522454,-0.05117195,0.6508102,-0.3307189,0.1787188,-0.6596442
40,0.8888899,0.4182422,1.516607,-0.05562869,0.6574289,-0.3339076,0.1818711,-0.6505505
40,0.900001,0.4201716,1.510875,-0.06026144,0.6637901,-0.3370523,0.1853981,-0.6414095
40,0.9111122,0.4221394,1.504554,-0.06454217,0.6692726,-0.3412093,0.1898902,-0.6321329
40,0.9222233,0.4244505,1.497577,-0.06912841,0.6752529,-0.3452767,0.1954563,-0.6217831
40,0.9333345,0.426494,1.491243,-0.07263841,-0.6806785,0.3485406,-0.2016532,0.6119904
40,0.9444456,0.4284144,1.484765,-0.07650822,-0.6861472,0.3512138,-0.2084967,0.60198
40,0.9555568,0.4305789,1.477765,-0.08000873,-0.6912013,0.3533902,-0.2168173,0.5919006
40,0.9666679,0.4327197,1.470644,-0.08344699,-0.695626,0.3559118,-0.225216,0.581987
40,0.977779,0.4351225,1.463277,-0.08665323,-0.6996732,0.3589717,-0.2332407,0.57201
40,0.9888902,0.4371673,1.4559,-0.08909374,-0.7027786,0.3626317,-0.2416363,0.5623276
40,1.000001,0.4393355,1.448206,-0.09184234,-0.7060058,0.3659311,-0.2501868,0.5523196
40,1.011112,0.4412739,1.440955,-0.09341909,-0.7081609,0.3682775,-0.2591013,0.5438257
40,1.022224,0.4437703,1.433295,-0.09483643,-0.7105754,0.3705103,-0.2680091,0.5347671
40,1.033335,0.4457157,1.425693,-0.09557511,-0.7126573,0.3728999,-0.277009,0.5256723
40,1.044446,0.4478264,1.418286,-0.09672682,-0.7142248,0.3753531,-0.2856033,0.5171303
40,1.055557,0.4497001,1.410792,-0.09672484,-0.7142066,0.378699,-0.2933909,0.5103114
40,1.066668,0.4512534,1.403208,-0.09606116,-0.7129875,0.3826789,-0.3007453,0.5047355
40,1.077779,0.4528327,1.395561,-0.09557039,-0.7119422,0.3857919,-0.3090425,0.498794
40,1.08889,0.4537383,1.388432,-0.09352409,-0.7092207,0.387384,-0.3184487,0.49551
40,1.100002,0.4549202,1.381107,-0.09154697,-0.7070976,0.3877051,-0.3284034,0.4917814
40,1.111113,0.4560384,1.373909,-0.08950194,-0.70508,0.3881123,-0.3382623,0.4876574
40,1.122224,0.4570281,1.366974,-0.08666143,-0.7022467,0.3875758,-0.3485775,0.4849004
40,1.133335,0.4574598,1.360474,-0.08314706,-0.6987908,0.3875034,-0.358628,0.4826164
40,1.144446,0.4581018,1.353999,-0.07937514,-0.6953756,0.3874103,-0.3682744,0.480354
40,1.155557,0.4582788,1.347834,-0.07481706,-0.6919547,0.3868646,-0.3782452,0.4779802
40,1.166668,0.4585447,1.341789,-0.0700149,-0.6884876,0.386746,-0.3881721,0.4751156
40,1.17778,0.458543,1.336226,-0.06451671,-0.6844932,0.3867199,-0.397622,0.4730894
40,1.188891,0.458588,1.33089,-0.05861885,-0.6798429,0.3861186,-0.4068693,0.4724228
40,1.200002,0.4583198,1.325577,-0.05266357,-0.6744961,0.3847502,-0.4160372,0.4732182
40,1.211113,0.4582391,1.320137,-0.04668977,-0.6689821,0.3829931,-0.4252199,0.4743069
40,1.222224,0.457488,1.314804,-0.03966707,-0.6618041,0.3808824,-0.4344604,0.4776904
40,1.233335,0.456806,1.310131,-0.03364322,-0.6558489,0.3795669,-0.4422224,0.4798235
40,1.244446,0.4562294,1.305726,-0.02653227,-0.6495829,0.3787766,-0.4501123,0.4816321
40,1.255558,0.4549958,1.301486,-0.0189485,-0.6435955,0.3774848,-0.4575348,0.4836859
40,1.266669,0.4538226,1.297753,-0.01064271,-0.6382685,0.3755555,-0.4651306,0.485
40,1.27778,0.452286,1.294091,-0.003134454,-0.6330667,0.3737718,-0.4720353,0.4865223
40,1.288891,0.4509441,1.290283,0.0048519,-0.6274896,0.3713609,-0.479307,0.4884801
40,1.300002,0.4490415,1.286738,0.01313807,-0.6213263,0.3672237,-0.4866375,0.492224
40,1.311113,0.4473323,1.283553,0.02114957,-0.6143209,0.3640782,-0.4939736,0.4960312
40,1.322224,0.4454558,1.280388,0.02946424,-0.6070709,0.3610431,-0.5013925,0.4997182
40,1.333336,0.4435422,1.277395,0.03778378,-0.5996553,0.3576466,-0.5091004,0.5033084
40,1.344447,0.4411182,1.27519,0.04669754,-0.5929577,0.353449,-0.5172538,0.5058887
40,1.355558,0.43876,1.272655,0.0557641,-0.5864863,0.3493046,-0.5251704,0.5081497
40,1.366669,0.4362778,1.270495,0.06470782,-0.5805382,0.344571,-0.5330609,0.5099925
40,1.37778,0.4336048,1.26853,0.07383828,-0.5739915,0.3401603,-0.5401526,0.5128936
40,1.388891,0.4308882,1.266708,0.08269886,-0.5667326,0.3358167,-0.54696,0.5166004
40,1.400002,0.4280469,1.264844,0.09169631,-0.5588087,0.3315337,-0.5538931,0.5205966
40,1.411114,0.4248892,1.263616,0.1004492,-0.5501943,0.3276412,-0.5605609,0.5250798
40,1.422225,0.4213836,1.262295,0.109165,-0.5414879,0.3230885,-0.5676446,0.5293243
40,1.433336,0.4179718,1.261304,0.1178112,-0.5331354,0.317265,-0.5752891,0.5330589
40,1.444447,0.4142229,1.260163,0.1263123,-0.525381,0.310911,-0.582636,0.5365112
40,1.455558,0.4105991,1.259151,0.1350088,-0.5175933,0.305162,-0.5893084,0.5400825
40,1.466669,0.4066177,1.258287,0.1434491,-0.5102411,0.2993994,-0.59504,0.5440049
40,1.47778,0.4024805,1.25754,0.1518926,-0.502983,0.2942565,-0.5998532,0.5482675
40,1.488891,0.3983942,1.256748,0.1602817,-0.495679,0.2890462,-0.6046515,0.5524049
40,1.500003,0.3937663,1.256327,0.1685722,-0.4887022,0.2843871,-0.6084669,0.5568324
40,1.511114,0.3893678,1.255846,0.1769316,-0.481515,0.2791497,-0.6128594,0.560912
40,1.522225,0.3845465,1.255354,0.1853906,-0.4739264,0.273152,-0.617426,0.5653024
40,1.533336,0.380009,1.255116,0.1929471,-0.4667171,0.2670492,-0.6217582,0.5694528
40,1.544447,0.375412,1.254848,0.2005635,-0.4589782,0.2603893,-0.6262927,0.5738413
40,1.555558,0.3708115,1.254578,0.2080774,-0.4516234,0.2537799,-0.6307446,0.5777485
40,1.566669,0.3657859,1.25453,0.2157263,-0.4444687,0.2470111,-0.6356348,0.5808628
40,1.577781,0.3608347,1.254595,0.2226558,-0.4382467,0.2410852,-0.6402219,0.5830384
40,1.588892,0.3558781,1.254696,0.2298876,-0.4315411,0.235151,-0.6449303,0.5852702
40,1.600003,0.3501719,1.254911,0.2370908,-0.424663,0.2289646,-0.6493913,0.5878158
40,1.611114,0.3453403,1.255104,0.2434972,-0.4181037,0.2234708,-0.6530521,0.5905702
40,1.622225,0.3397554,1.255326,0.2504123,-0.4105818,0.2168378,-0.6569313,0.5940078
40,1.633336,0.3349223,1.255687,0.2561887,-0.4035676,0.2108336,-0.6599457,0.5976237
40,1.644447,0.329592,1.256017,0.262251,-0.3962043,0.2044485,-0.6627781,0.6016213
40,1.655559,0.3241669,1.25633,0.2680902,-0.3894157,0.1980318,-0.6655455,0.6051348
40,1.66667,0.3186738,1.256677,0.273972,-0.3830266,0.1916828,-0.6684514,0.6080469
40,1.677781,0.3130283,1.257116,0.2794827,-0.3768673,0.1854496,-0.6712273,0.6107647
40,1.688892,0.3073765,1.257635,0.2849692,-0.3705406,0.1792013,-0.6738854,0.6135675
40,1.700003,0.3015499,1.258196,0.2898456,-0.3643605,0.1730235,-0.6762744,0.6164066
40,1.711114,0.2960004,1.258648,0.294851,-0.3579404,0.1664771,-0.6786678,0.6193335
40,1.722225,0.2902886,1.25914,0.2993811,-0.351036,0.159403,-0.6808697,0.6227205
40,1.733337,0.2847833,1.259649,0.3037312,-0.3441847,0.1525728,-0.6826956,0.6262469
40,1.744448,0.2791412,1.260187,0.3072689,-0.336738,0.1457084,-0.6835068,0.6310269
40,1.755559,0.2731734,1.260555,0.3116146,-0.3291568,0.137851,-0.6846245,0.6355645
40,1.76667,0.2678763,1.260893,0.31499,-0.3235516,0.1312187,-0.6847031,0.6397481
40,1.777781,0.2628131,1.261294,0.3179682,-0.3182632,0.1251323,-0.6843581,0.6439755
40,1.788892,0.2573353,1.261726,0.3211071,-0.3132039,0.1196151,-0.6835133,0.6483866
40,1.800003,0.2518829,1.262087,0.3241585,-0.3078613,0.1138293,-0.6828642,0.6526567
40,1.811115,0.2466932,1.2624,0.3267405,-0.3032504,0.1085606,-0.6819864,0.6566188
40,1.822226,0.2417321,1.262717,0.328948,-0.2981946,0.1028238,-0.6816329,0.660215
40,1.833337,0.2369593,1.263086,0.331282,-0.2925235,0.0967885,-0.6812604,0.6640378
40,1.844448,0.2327381,1.263461,0.332899,-0.2856748,0.08977533,-0.6808503,0.668411
40,1.855559,0.228466,1.263916,0.3348449,-0.2792109,0.08286011,-0.6800267,0.6728591
40,1.86667,0.2251457,1.264184,0.3360829,-0.2737782,0.07648991,-0.6791119,0.6767583
40,1.877781,0.2213933,1.264543,0.3374003,-0.2691078,0.07069422,-0.6781614,0.6802062
40,1.888893,0.2182189,1.264743,0.3382046,-0.2666439,0.06655538,-0.6768975,0.6828479
40,1.900004,0.2153123,1.265131,0.3389204,-0.2643796,0.06305351,-0.675388,0.68555
40,1.911115,0.2124793,1.265423,0.3397327,-0.2613154,0.05897588,-0.6733874,0.6890468
40,1.922226,0.2106513,1.265569,0.3400933,-0.2589846,0.05545633,-0.6705222,0.6930017
40,1.933337,0.208605,1.265963,0.3405749,-0.2561599,0.05110636,-0.667704,0.6970952
40,1.944448,0.2085098,1.266243,0.3403158,-0.2546397,0.04723588,-0.6639111,0.7015336
40,1.955559,0.2076809,1.266291,0.3401889,-0.2530661,0.04344659,-0.6606254,0.7054389
40,1.966671,0.2079383,1.266681,0.3397923,0.2530582,-0.04119837,0.6567084,-0.7092237
40,1.977782,0.2075431,1.267301,0.3395771,0.253251,-0.03922871,0.6534181,-0.712299
40,1.988893,0.2086796,1.267805,0.3387271,0.2565222,-0.0398324,0.6504335,-0.713825
40,2.000004,0.2093846,1.268329,0.3380888,0.2587479,-0.04018026,0.6472695,-0.7158753
40,2.011115,0.2106704,1.26919,0.336944,0.2610169,-0.04126242,0.6448585,-0.7171647
40,2.022226,0.2128297,1.269999,0.3357136,0.2631312,-0.04221727,0.642478,-0.7184717
40,2.033337,0.2152242,1.270719,0.334588,0.2646628,-0.04271626,0.6401721,-0.7199365
40,2.044448,0.2180564,1.271553,0.3331478,0.2661264,-0.04380518,0.6383916,-0.720912
40,2.055559,0.221383,1.272437,0.3313547,0.2679183,-0.04566056,0.6367649,-0.7215715
40,2.06667,0.2247204,1.273504,0.3296486,0.2702456,-0.04842631,0.6354591,-0.7216744
40,2.077781,0.22784,1.274353,0.3279212,0.2727363,-0.05067264,0.6343099,-0.7215941
40,2.088892,0.2315826,1.275266,0.3258824,0.2759754,-0.05335085,0.633541,-0.7208447
40,2.100003,0.2353831,1.276293,0.3238539,0.2793522,-0.05639339,0.632287,-0.7204131
40,2.111114,0.2393924,1.27739,0.3215807,0.2829105,-0.05982664,0.6305966,-0.7202294
40,2.122225,0.2437969,1.278347,0.3189897,0.286531,-0.0635507,0.628549,-0.720269
40,2.133336,0.247916,1.27926,0.3165572,0.2897512,-0.0669257,0.6265125,-0.7204494
40,2.144447,0.2528747,1.280289,0.3135131,0.2936542,-0.07010785,0.6241018,-0.7206588
40,2.155558,0.2578459,1.281185,0.3102572,0.2980987,-0.07359681,0.6213481,-0.7208657
40,2.166669,0.262631,1.282017,0.3072413,0.3024157,-0.07736438,0.6186787,-0.720969
40,2.17778,0.267102,1.282707,0.304238,0.3069994,-0.0814068,0.6160398,-0.7208462
40,2.188891,0.2717592,1.28339,0.3008228,0.312566,-0.08642111,0.6135969,-0.7199533
40,2.200002,0.2763708,1.283935,0.2973033,0.3180616,-0.09167703,0.6115184,-0.7186636
40,2.211113,0.2811873,1.284498,0.2933207,0.3234537,-0.09697554,0.6096108,-0.7171806
40,2.222224,0.2859347,1.284811,0.2894778,0.3285702,-0.1017886,0.6078681,-0.7156655
40,2.233335,0.2907891,1.285072,0.2853714,0.3337251,-0.1068033,0.6058128,-0.7142909
40,2.244446,0.2956662,1.285015,0.2808619,0.3382918,-0.1123281,0.6037212,-0.7130651
40,2.255557,0.300509,1.284867,0.2762755,0.3424588,-0.1178337,0.6016544,-0.7119334
40,2.266668,0.3053212,1.284635,0.2717337,0.3466806,-0.1232138,0.5997703,-0.7105677
40,2.277779,0.3099759,1.284426,0.2670145,0.3509276,-0.1290106,0.5981275,-0.7088369
40,2.28889,0.3145723,1.283781,0.2622745,0.3553177,-0.1351492,0.5966479,-0.7067498
40,2.300001,0.3186332,1.282641,0.2576287,0.3602193,-0.1421578,0.5956356,-0.7037411
40,2.311112,0.3227473,1.281467,0.2529796,0.3653305,-0.1495939,0.5946587,-0.700383
40,2.322223,0.3263844,1.279536,0.2482029,0.3705028,-0.1579072,0.5941136,-0.6962916
40,2.333334,0.3304383,1.277819,0.2433669,0.374662,-0.1653279,0.592958,-0.6933224
40,2.344445,0.3344038,1.27492,0.2382234,0.376737,-0.1729915,0.5914301,-0.6916311
40,2.355556,0.3383638,1.272495,0.2333559,0.379137,-0.180664,0.5898321,-0.68972
40,2.366668,0.342106,1.269245,0.2284527,0.3805849,-0.1889214,0.588659,-0.6877096
40,2.377779,0.3454616,1.265916,0.2237165,0.3818422,-0.197713,0.5883882,-0.6847667
40,2.38889,0.3487601,1.262386,0.2190913,0.3831921,-0.2062391,0.5886,-0.681307
40,2.400001,0.3513454,1.258015,0.2147547,0.3842902,-0.2153139,0.590932,-0.6758404
40,2.411112,0.3541935,1.253775,0.2102908,0.3853845,-0.2235783,0.59251,-0.6711358
40,2.422223,0.3569927,1.248477,0.2057152,-0.3860578,0.2322518,-0.594739,0.6658108
40,2.433334,0.359355,1.243646,0.2016292,-0.3863173,0.2398455,-0.5960477,0.6617857
40,2.444445,0.3617255,1.237943,0.1973965,-0.3855557,0.2491858,-0.5965705,0.6582985
40,2.455556,0.3636798,1.231908,0.1935824,-0.38398,0.2598462,-0.5962176,0.6554111
40,2.466667,0.3653129,1.225384,0.1899414,-0.3817884,0.2707421,-0.5955989,0.6528388
40,2.477778,0.3667675,1.21828,0.1864279,0.3794955,-0.2809587,0.5956954,-0.6497633
40,2.488889,0.3679489,1.210324,0.1827739,0.3766771,-0.2915548,0.596161,-0.6462988
40,2.5,0.3691134,1.203151,0.179545,0.3739451,-0.300847,0.5966364,-0.6431805
40,2.511111,0.3698153,1.194423,0.1764124,0.3704271,-0.3109799,0.5965537,-0.6404676
40,2.522222,0.3700719,1.185088,0.1733032,0.3660893,-0.3217097,0.5958155,-0.6383458
40,2.533333,0.3703436,1.175652,0.1702114,0.3612701,-0.3332676,0.5944659,-0.6364172
40,2.544444,0.3697102,1.165098,0.167442,0.3544639,-0.3468057,0.5920068,-0.6353024
40,2.555555,0.369001,1.153736,0.1645624,0.345988,-0.3613637,0.5891591,-0.6345076
40,2.566666,0.367909,1.141791,0.1619492,-0.3362015,0.3755559,-0.5868981,0.6336219
40,2.577777,0.3666249,1.129529,0.1592625,-0.325821,0.389665,-0.5849786,0.632299
40,2.588888,0.3647381,1.115893,0.1569467,-0.3132376,0.4044297,-0.5839773,0.6303089
40,2.599999,0.3620898,1.100929,0.1546525,-0.2989897,0.4191529,-0.585244,0.6264227
40,2.61111,0.3591802,1.085726,0.1529062,-0.2848091,0.4323202,-0.5910695,0.6185628
40,2.622221,0.3559561,1.069717,0.1511638,-0.2691571,0.4447176,-0.6024069,0.6057116
40,2.633332,0.3525555,1.054189,0.1494662,-0.2496323,0.4591801,-0.6153382,0.5900816
40,2.644443,0.3493205,1.039323,0.1478528,-0.2284649,0.4751767,-0.6250948,0.5755583
40,2.655554,0.3458148,1.025946,0.1462829,-0.202015,0.4936259,-0.6356689,0.5580755
40,2.666665,0.3423839,1.01375,0.1445611,-0.1772732,0.5096245,-0.644497,0.5417386
40,2.677776,0.3391855,1.003478,0.1424587,-0.1555839,0.5238354,-0.6515689,0.5261636
40,2.688887,0.3355889,0.9959857,0.1405424,-0.1426641,0.5336246,-0.657249,0.5127528
40,2.699998,0.3330369,0.9930062,0.1380125,-0.1402847,0.5395859,-0.660798,0.5025069
40,2.711109,0.3288963,0.9912048,0.1374775,-0.1456352,0.5430762,-0.6595507,0.4988502
40,2.72222,0.3281867,0.9923285,0.1355391,-0.1562784,0.5416778,-0.6567674,0.500818
40,2.733331,0.3268486,0.9927185,0.1351186,-0.1636995,0.5393909,-0.6564112,0.5013824
40,2.744442,0.3303054,0.9974327,0.1336347,-0.1763949,0.5312256,-0.6566404,0.5054775
40,2.755553,0.3340895,1.002788,0.1337681,-0.1883886,0.5245664,-0.6564012,0.5084066
40,2.766664,0.3379411,1.01027,0.1360638,-0.1994398,0.5194346,-0.6536871,0.5129372
40,2.777775,0.3428499,1.018452,0.1365213,-0.2092855,0.5140834,-0.6514304,0.5172585
40,2.788886,0.3495274,1.02991,0.137702,-0.2200156,0.5061666,-0.6479275,0.5249555
40,2.799997,0.3556207,1.041813,0.1392634,-0.2310076,0.4970568,-0.6426739,0.5352948
40,2.811108,0.361925,1.054196,0.140405,-0.24132,0.488999,-0.6364884,0.5454603
40,2.822219,0.3688899,1.069042,0.1409538,-0.2527347,0.480254,-0.6247265,0.561425
40,2.83333,0.3751675,1.083567,0.1424832,-0.2630364,0.4729437,-0.6148137,0.5737072
40,2.844441,0.3812406,1.098818,0.143083,-0.2739447,0.4656042,-0.6030692,0.5869197
40,2.855552,0.3875071,1.115772,0.1441557,-0.2851639,0.458504,-0.5927571,0.5975739
40,2.866663,0.3925418,1.131498,0.145465,-0.2976905,0.4508325,-0.5824925,0.6073162
40,2.877774,0.3978506,1.148767,0.1463411,-0.3105917,0.4426668,-0.5722446,0.6165345
40,2.888885,0.4028659,1.165557,0.1475253,-0.3227142,0.4349739,-0.5608821,0.6261505
40,2.899997,0.4064412,1.180954,0.1487814,-0.3346236,0.4288559,-0.5471853,0.6361588
40,2.911108,0.4098911,1.19754,0.1500218,-0.3453286,0.4239897,-0.5316722,0.6467654
40,2.922219,0.4123777,1.212942,0.1515571,0.3543629,-0.4197423,0.5153792,-0.6577445
40,2.93333,0.4154045,1.229223,0.1524353,0.3626053,-0.4149746,0.4995595,-0.6683966
40,2.944441,0.4167864,1.244164,0.1539809,0.3689038,-0.4106644,0.4830817,-0.6796299
40,2.955552,0.4177342,1.258957,0.1550831,0.3737948,-0.4061529,0.468116,-0.6900613
40,2.966663,0.4179165,1.273504,0.1563028,0.3777297,-0.4022496,0.4532149,-0.7000798
40,2.977774,0.4180095,1.287631,0.1579711,0.3814725,-0.3982459,0.4388505,-0.7094288
40,2.988885,0.4169642,1.301273,0.1597148,0.3850107,-0.3932574,0.4267763,-0.7176192
40,2.999996,0.4153702,1.313909,0.1619548,0.3900683,-0.3861057,0.4166503,-0.7246873
40,3.011107,0.4133765,1.325927,0.1641134,0.3962796,-0.3775067,0.407484,-0.7310321
40,3.022218,0.4109756,1.336928,0.1667535,0.4024064,-0.3686045,0.3982782,-0.7372748
40,3.033329,0.4084411,1.348166,0.1693026,0.4079987,-0.3601777,0.3876091,-0.7440217
40,3.04444,0.4049594,1.358316,0.1725883,0.4137213,-0.3513177,0.3762049,-0.7509197
40,3.055551,0.4015759,1.367912,0.1754308,0.4183719,-0.3435865,0.3650345,-0.7574056
40,3.066662,0.3972283,1.376682,0.1788986,0.4223037,-0.3362037,0.352743,-0.7643291
40,3.077773,0.3923133,1.385091,0.1822538,0.4250059,-0.3284914,0.3410765,-0.7714469
40,3.088884,0.3873298,1.392828,0.1858899,0.4268172,-0.3214016,0.3296826,-0.7783557
40,3.099995,0.3821722,1.4005,0.1898174,0.4290757,-0.313438,0.3192688,-0.7846771
40,3.111106,0.3763953,1.40647,0.1943182,0.4316841,-0.303461,0.3120034,-0.7900722
40,3.122217,0.3708793,1.412945,0.1989134,0.4351444,-0.2944317,0.303055,-0.7950578
40,3.133328,0.3649612,1.418455,0.2038841,0.4386224,-0.2849071,0.2955224,-0.7994404
40,3.144439,0.3587152,1.423618,0.2091032,0.4413404,-0.2759353,0.287544,-0.8039881
40,3.15555,0.3520819,1.428256,0.214111,0.4426464,-0.2671804,0.2794167,-0.8090767
40,3.166661,0.3453747,1.432492,0.2191726,0.443249,-0.2572194,0.2727292,-0.8142403
40,3.177772,0.3388582,1.436889,0.2243041,0.4439346,-0.2469806,0.2659223,-0.8192729
40,3.188883,0.3317897,1.440304,0.2296018,0.4435162,-0.2354916,0.2610346,-0.824438
40,3.199994,0.3250695,1.444006,0.2347042,0.4427257,-0.2235817,0.2569971,-0.8294321
40,3.211105,0.3179843,1.446792,0.2399155,0.440787,-0.2105317,0.2560889,-0.8341474
40,3.222216,0.3106784,1.44953,0.245086,0.4390093,-0.1976245,0.2559821,-0.8382652
40,3.233327,0.3025591,1.451859,0.2504926,0.4373393,-0.1859878,0.2545205,-0.8422364
40,3.244438,0.2943071,1.454327,0.2564852,0.4357544,-0.1746326,0.2515872,-0.8463602
40,3.255549,0.2871886,1.455774,0.2614434,0.4344671,-0.1650894,0.2491894,-0.8496402
40,3.26666,0.2794674,1.457421,0.2669082,0.4329957,-0.1540807,0.2472912,-0.8530071
40,3.277771,0.2716724,1.45898,0.2724934,0.4312639,-0.1425636,0.2461302,-0.8562167
40,3.288882,0.2637407,1.460047,0.2780616,0.4289372,-0.1308668,0.2467148,-0.8590801
40,3.299993,0.2560253,1.461184,0.2831882,0.4256868,-0.118463,0.2462772,-0.8626151
40,3.311104,0.2481085,1.461944,0.2882138,0.4218857,-0.1068608,0.244779,-0.8664159
40,3.322215,0.2399231,1.462696,0.2934341,0.4185225,-0.09719114,0.2421189,-0.869926
40,3.333326,0.2314947,1.463176,0.2986175,0.4154604,-0.08749145,0.2396195,-0.8731096
40,3.344437,0.2228774,1.463272,0.303771,0.4130454,-0.078669,0.237326,-0.8757175
40,3.355548,0.2142109,1.463144,0.3090276,0.4106455,-0.06895557,0.2358249,-0.8780671
40,3.366659,0.2051117,1.462575,0.313973,0.4074548,-0.056884,0.2362222,-0.880309
40,3.37777,0.1965109,1.462232,0.3187449,0.4038321,-0.04475561,0.2360812,-0.882713
40,3.388881,0.1878865,1.461366,0.3231759,0.3997042,-0.0326578,0.235709,-0.8852182
40,3.399992,0.1782672,1.460593,0.3278593,0.3950066,-0.02106612,0.2348168,-0.8879116
40,3.411103,0.1693745,1.459613,0.3319687,0.390554,-0.01030552,0.2332696,-0.8904755
40,3.422215,0.1600804,1.458353,0.3356877,0.385523,-0.0004466549,0.2312739,-0.8932437
40,3.433326,0.1507079,1.456862,0.3391768,0.3804459,0.01002351,0.2294958,-0.8958192
40,3.444437,0.1418822,1.455201,0.3422806,0.3753928,0.02175374,0.2280013,-0.8981215
40,3.455548,0.1329595,1.453708,0.3455624,0.3701135,0.03411023,0.2262665,-0.9003643
40,3.466659,0.1241141,1.451629,0.3483651,0.3653114,0.04729855,0.2240958,-0.9022703
40,3.47777,0.1154513,1.449689,0.3509914,0.3607559,0.06052018,0.2215321,-0.9039447
40,3.488881,0.1068489,1.447492,0.3531907,0.356336,0.0733611,0.2184974,-0.9054843
40,3.499992,0.0984237,1.445397,0.3549021,-0.3517407,-0.08479103,-0.2155889,0.9069787
40,3.511103,0.08980471,1.443426,0.3567072,-0.3467398,-0.09576441,-0.21271,0.9084905
40,3.522214,0.08143606,1.441208,0.3578184,-0.3421966,-0.1054851,-0.2099016,0.9097888
40,3.533325,0.07323149,1.439182,0.3587867,-0.3375784,-0.1153308,-0.2076311,0.9108397
40,3.544436,0.06531954,1.437151,0.3597648,-0.3326086,-0.1260734,-0.2050761,0.9118227
40,3.555547,0.05824426,1.435436,0.3601876,-0.3283599,-0.1361834,-0.2014309,0.9127209
40,3.566658,0.05148557,1.433561,0.3607359,-0.3262716,-0.1462005,-0.1961628,0.9130676
40,3.577769,0.04555063,1.432228,0.3612426,-0.3243812,-0.1579508,-0.1911234,0.9128529
40,3.58888,0.04107201,1.430912,0.361652,-0.3237455,-0.1689385,-0.1861974,0.9121289
40,3.599991,0.0362665,1.429876,0.3616712,-0.3234122,-0.1778697,-0.1814003,0.9115157
40,3.611102,0.03324343,1.428989,0.3615083,-0.3248881,-0.1838565,-0.1769207,0.910683
40,3.622213,0.03168456,1.428798,0.3606828,-0.3271909,-0.1870133,-0.1742035,0.9097392
40,3.633324,0.02901012,1.428412,0.360452,-0.3280186,-0.1923678,-0.1714645,0.9088445
40,3.644435,0.02947733,1.42906,0.3590401,-0.3307396,-0.1930642,-0.1730127,0.9074162
40,3.655546,0.03082488,1.429938,0.3579147,-0.3335286,-0.1933827,-0.1748162,0.9059808
40,3.666657,0.03151964,1.43059,0.3570389,-0.3366039,-0.1938125,-0.1757252,0.9045746
40,3.677768,0.03457643,1.431815,0.355592,-0.3421191,-0.1908902,-0.177787,0.9027221
40,3.688879,0.03895708,1.433012,0.3545361,-0.3485052,-0.1871207,-0.1799674,0.9006341
40,3.69999,0.04277022,1.434426,0.3532606,-0.3543434,-0.1832014,-0.181735,0.8988051
40,3.711101,0.04887357,1.435941,0.3519365,-0.3617964,-0.1758254,-0.1827995,0.8970915
40,3.722212,0.05527759,1.437556,0.3504604,-0.3693447,-0.1671559,-0.1830512,0.8956202
40,3.733323,0.06257337,1.439172,0.3490737,-0.3765303,-0.1582696,-0.1834027,0.8941694
40,3.744434,0.0696959,1.440474,0.3475237,-0.3840005,-0.1489284,-0.18335,0.8926067
40,3.755545,0.07848121,1.441931,0.345917,-0.3920624,-0.1369442,-0.1822589,0.8912435
40,3.766656,0.08654642,1.443042,0.3443253,-0.3993644,-0.126579,-0.1824804,0.8894868
40,3.777767,0.09582873,1.444133,0.3422843,-0.4061669,-0.1156131,-0.1838294,0.8876198
40,3.788878,0.1049974,1.445302,0.3402556,-0.4125191,-0.104169,-0.1847179,0.8859211
40,3.799989,0.1145711,1.445912,0.337829,-0.4188957,-0.09176187,-0.1841509,0.8844177
40,3.8111,0.1238143,1.446935,0.3356672,0.4251947,0.0795301,0.1829837,-0.8828371
40,3.822211,0.133483,1.44711,0.3330325,0.4308023,0.06636463,0.1810677,-0.8816005
40,3.833322,0.143223,1.447824,0.3305233,0.436565,0.05386906,0.180425,-0.8797477
40,3.844433,0.1521254,1.447942,0.3275771,0.4417671,0.04182532,0.1798627,-0.8779191
40,3.855544,0.1617235,1.448246,0.3247716,0.4471925,0.0297951,0.179386,-0.8757578
40,3.866655,0.1717176,1.448052,0.3212626,0.4529587,0.01781467,0.1784411,-0.8733097
40,3.877766,0.1808461,1.447725,0.3178302,0.4591106,0.005505964,0.1765862,-0.8706346
40,3.888877,0.1900488,1.447349,0.3147083,0.4647829,-0.006410636,0.1746084,-0.8680136
40,3.899988,0.1988493,1.446772,0.3107991,0.4697189,-0.01782948,0.1717198,-0.8657705
40,3.911099,0.208493,1.446388,0.3069313,0.4746794,-0.03036202,0.1694248,-0.8631645
40,3.92221,0.2160769,1.445824,0.3031956,0.4783849,-0.04186688,0.1671572,-0.8610769
40,3.933321,0.2245095,1.445184,0.2988041,0.4824222,-0.054883,0.1645047,-0.8586006
40,3.944432,0.2320065,1.444503,0.2945783,0.4859038,-0.06668484,0.1626405,-0.8561535
40,3.955544,0.2398605,1.443587,0.2903413,0.4891776,-0.07773003,0.1619708,-0.8534804
40,3.966655,0.2476275,1.44282,0.2860048,0.4925003,-0.08845082,0.1614777,-0.8506144
40,3.977766,0.2547975,1.441934,0.2816027,0.4956098,-0.09834972,0.1615811,-0.8476967
40,3.988877,0.2620447,1.440626,0.276979,0.4986078,-0.1071314,0.1624183,-0.844709
40,3.999988,0.2691256,1.439518,0.272546,0.5019137,-0.1159666,0.1633016,-0.8414078
40,4.011099,0.2761809,1.437994,0.2675688,0.5057936,-0.1228696,0.1662723,-0.8375139
40,4.02221,0.2828542,1.436722,0.2632441,0.5096095,-0.1295139,0.1692879,-0.8335862
40,4.033321,0.2895966,1.435037,0.2586476,0.5143026,-0.1337286,0.174684,-0.8289119
40,4.044433,0.2961034,1.433334,0.2541858,0.5188738,-0.1385255,0.1797447,-0.8241799
40,4.055544,0.3022085,1.431661,0.2491224,0.522923,-0.1444934,0.1851011,-0.8193966
40,4.066655,0.3078524,1.429901,0.2442766,0.5257943,-0.1506455,0.1912511,-0.8150272
40,4.077766,0.3136924,1.427683,0.2392577,0.5282535,-0.1554072,0.1989612,-0.8106856
40,4.088878,0.3193504,1.425774,0.2343803,0.5305969,-0.1590104,0.2076157,-0.8062744
40,4.099989,0.324624,1.423449,0.2297226,0.5328334,-0.1595574,0.2200775,-0.8013713
40,4.1111,0.3298317,1.420962,0.2249656,0.5354135,-0.1589986,0.2338946,-0.7958298
40,4.122211,0.3345301,1.41813,0.2206058,0.5385166,-0.1594947,0.247217,-0.7895855
40,4.133323,0.3389924,1.415266,0.2162382,0.5418425,-0.1628153,0.2575644,-0.7832997
40,4.144434,0.3431163,1.412038,0.2121585,0.5448717,-0.1682909,0.2653916,-0.7774062
40,4.155545,0.3471971,1.409109,0.2080922,0.5471334,-0.1739123,0.272492,-0.7721059
40,4.166656,0.3510973,1.405651,0.203932,0.5479015,-0.179754,0.2788759,-0.7679328
40,4.177768,0.3546331,1.402049,0.2001306,0.5479125,-0.1834251,0.2858834,-0.7644722
40,4.188879,0.3583135,1.398069,0.1962692,0.5482565,-0.1853612,0.2943686,-0.7605282
40,4.19999,0.361625,1.393832,0.1926447,0.5481284,-0.1866018,0.3042204,-0.7564292
40,4.211102,0.3648148,1.389681,0.1891195,0.5482746,-0.188613,0.3138521,-0.7518756
40,4.222213,0.3673963,1.385129,0.1860519,0.5484194,-0.1908761,0.3240682,-0.7468482
40,4.233324,0.3699211,1.380486,0.1833309,0.5486054,-0.1934,0.3340463,-0.741648
40,4.244435,0.3724197,1.375826,0.1805335,0.5487282,-0.1957837,0.3433975,-0.7366439
40,4.255547,0.3751144,1.370674,0.1776243,0.548212,-0.1995846,0.3511245,-0.7323532
40,4.266658,0.3771728,1.365915,0.1752868,0.5471905,-0.2050808,0.35447,-0.7299832
40,4.277769,0.3795036,1.360712,0.1731584,0.5457087,-0.2115622,0.3562885,-0.7283557
40,4.28888,0.3813466,1.355659,0.1709162,0.542982,-0.217262,0.3594759,-0.7271484
40,4.299992,0.3833164,1.35057,0.1687959,0.5404291,-0.2218664,0.3643009,-0.7252561
40,4.311103,0.3849943,1.345354,0.1670871,0.5376318,-0.2249024,0.3715135,-0.7227369
40,4.322214,0.3862621,1.340007,0.1657181,0.5353386,-0.2267303,0.3805819,-0.7191407
40,4.333325,0.3874449,1.334651,0.1644922,0.5332465,-0.22978,0.3896326,-0.7148675
40,4.344437,0.3885057,1.329381,0.1632644,0.5309511,-0.2343946,0.3970282,-0.7109983
40,4.355548,0.3891603,1.324165,0.1625381,0.5281042,-0.2414702,0.4021722,-0.7078528
40,4.366659,0.3900035,1.318781,0.161725,0.5245799,-0.2484561,0.4053721,-0.7062287
40,4.37777,0.3909003,1.31335,0.1609637,0.5207294,-0.2545829,0.4080577,-0.7053491
40,4.388882,0.3916304,1.308053,0.1604274,0.5171594,-0.2599135,0.4116277,-0.7039558
40,4.399993,0.3922284,1.302584,0.1600884,0.5136578,-0.263861,0.416072,-0.7024365
40,4.411104,0.3925843,1.2971,0.159991,0.51034,-0.2672586,0.421847,-0.7001221
40,4.422215,0.3927547,1.291641,0.1600502,0.5067292,-0.2705468,0.4283497,-0.6975288
40,4.433327,0.3929137,1.286421,0.1599938,0.5030584,-0.2740734,0.4341265,-0.6952339
40,4.444438,0.3930154,1.281218,0.1601238,0.4992467,-0.2783773,0.4387754,-0.6933505
40,4.455549,0.3930439,1.276238,0.1603036,0.4950414,-0.2834842,0.4419049,-0.6923083
40,4.46666,0.3933328,1.271265,0.160713,0.4908089,-0.288561,0.4441902,-0.6917617
40,4.477772,0.3932815,1.266389,0.1612402,0.486434,-0.2928196,0.4469432,-0.6912889
40,4.488883,0.3931604,1.261495,0.1619165,0.4821972,-0.2962069,0.4502866,-0.690644
40,4.499994,0.3928913,1.25651,0.1627903,0.4780769,-0.2997649,0.4541591,-0.6894367
40,4.511106,0.3924681,1.252065,0.1637905,0.4742316,-0.3028566,0.4586403,-0.6877728
40,4.522217,0.3921133,1.247538,0.164608,0.4702213,-0.3060035,0.4631857,-0.6860852
40,4.533328,0.3914884,1.243091,0.1656605,0.4660481,-0.3089025,0.4679288,-0.684413
40,4.544439,0.3908373,1.238937,0.166766,0.461508,-0.3114837,0.4722605,-0.6833434
40,4.555551,0.3902366,1.23481,0.1678796,0.457143,-0.3149905,0.4753536,-0.6825249
40,4.566662,0.3893947,1.230686,0.1691419,0.4524581,-0.3192367,0.4766851,-0.6827452
40,4.577773,0.388638,1.22686,0.1702924,0.4476227,-0.3226541,0.4782315,-0.6832443
40,4.588884,0.3877991,1.223124,0.1715164,0.4425417,-0.3252846,0.4803636,-0.6838111
40,4.599996,0.3869152,1.219085,0.1727558,0.4376999,-0.3273597,0.482994,-0.6840841
40,4.611107,0.3857464,1.215268,0.1740865,0.4328329,-0.3284864,0.4859369,-0.6845567
40,4.622218,0.3848819,1.211581,0.1752998,0.4271734,-0.3300901,0.4890498,-0.6851231
40,4.633329,0.383536,1.208096,0.176711,0.4212661,-0.3320326,0.4916728,-0.6859643
40,4.644441,0.3821495,1.204543,0.1780724,0.4149795,-0.3339017,0.4939708,-0.6872368
40,4.655552,0.3807107,1.200999,0.1795278,0.4089146,-0.3358178,0.4962698,-0.6882817
40,4.666663,0.3789287,1.197339,0.1812456,0.4030309,-0.33749,0.4983524,-0.6894284
40,4.677774,0.3768913,1.193745,0.1831115,0.3973867,-0.3388791,0.5007271,-0.6903022
40,4.688886,0.3749418,1.190137,0.184865,0.3919628,-0.3397888,0.5033722,-0.691032
40,4.699997,0.3728223,1.186561,0.1869095,0.3862578,-0.3399262,0.5065786,-0.6918332
40,4.711108,0.3706462,1.183104,0.1888762,0.379737,-0.3399444,0.509446,-0.6933271
40,4.722219,0.3683246,1.179538,0.1908086,0.3723522,-0.3398219,0.5119989,-0.6955084
40,4.733331,0.3659766,1.176292,0.1927377,0.3644823,-0.3398214,0.5144022,-0.6979001
40,4.744442,0.3633305,1.172955,0.194783,0.3559146,-0.340062,0.5167029,-0.7005005
40,4.755553,0.3607501,1.169723,0.1968616,0.3477623,-0.3403946,0.5190309,-0.7027088
40,4.766665,0.3579345,1.166515,0.1991054,0.3396344,-0.3405691,0.5215403,-0.704739
40,4.777776,0.3543221,1.163115,0.2017033,0.3320209,-0.3399278,0.524325,-0.7066077
40,4.788887,0.3511148,1.159731,0.204163,0.3246415,-0.3391831,0.5272625,-0.7082069
40,4.799998,0.3475046,1.156463,0.2068331,0.3170718,-0.3377977,0.5303954,-0.7099569
40,4.81111,0.3436263,1.153085,0.2094909,0.3088615,-0.3349514,0.5335715,-0.7125402
40,4.822221,0.3400322,1.149842,0.2120523,0.3003663,-0.3326735,0.5366323,-0.7149366
40,4.833332,0.3359549,1.146742,0.2146472,0.2910534,-0.329731,0.5401405,-0.7175051
40,4.844443,0.3318783,1.143778,0.2174348,0.2819073,-0.327482,0.5437685,-0.719444
40,4.855555,0.3270783,1.141013,0.2203777,0.2726759,-0.3249965,0.5482059,-0.7207603
40,4.866666,0.3222535,1.138327,0.2233639,0.2640938,-0.3220493,0.5528328,-0.7217442
40,4.877777,0.3172637,1.135589,0.2264559,0.2552005,-0.3185931,0.5572962,-0.7230436
40,4.888888,0.3116373,1.13309,0.2297261,0.2458409,-0.3136539,0.5617528,-0.7249947
40,4.9,0.3066141,1.130814,0.2327403,-0.2365489,0.3093697,-0.5655089,0.727004
40,4.911111,0.3008121,1.128912,0.2359412,-0.2259689,0.304283,-0.5691186,0.7296944
40,4.922222,0.2946042,1.127238,0.2393878,-0.2153015,0.2994939,-0.5725098,0.732244
40,4.933333,0.2879384,1.12623,0.2429009,-0.2043148,0.2943637,-0.5757948,0.7348917
40,4.944445,0.2810498,1.125652,0.246413,-0.1921769,0.2878964,-0.5796321,0.7377061
40,4.955556,0.2741068,1.125415,0.2498276,-0.1795316,0.2808447,-0.5834627,0.7405849
40,4.966667,0.2668889,1.126,0.2532228,-0.1646561,0.2710617,-0.5875779,0.7444234
40,4.977778,0.2596962,1.127168,0.256196,-0.1494559,0.2581877,-0.5910583,0.7494345
40,4.98889,0.2525963,1.128781,0.2591258,-0.1342492,0.2432652,-0.5934724,0.7553739
40,5.000001,0.245345,1.130492,0.2621635,-0.119427,0.2280849,-0.594878,0.7614688
40,5.011112,0.2376418,1.132977,0.2653323,-0.1042153,0.2097955,-0.59463,0.7691165
40,5.022223,0.2307858,1.136231,0.267787,-0.0901012,0.1920629,-0.5922076,0.7773569
40,5.033335,0.2241936,1.139652,0.2704865,-0.07561647,0.1729284,-0.5898622,0.7851372
40,5.044446,0.2183009,1.143957,0.2730242,-0.06242385,0.1507699,-0.5872218,0.7928066
40,5.055557,0.2123209,1.149435,0.2756168,-0.04960896,0.1267533,-0.5842977,0.800043
40,5.066669,0.2076675,1.154975,0.2780838,-0.04111089,0.1081711,-0.5815843,0.8052133
40,5.07778,0.2021611,1.161853,0.2803823,-0.03324202,0.08992052,-0.5783376,0.810145
40,5.088891,0.1968453,1.168647,0.2830424,-0.02448416,0.07161248,-0.5753343,0.8144094
40,5.100002,0.1923348,1.176754,0.2848489,-0.01718427,0.05304711,-0.5733417,0.8174166
40,5.111114,0.1882637,1.185422,0.28687,-0.009853872,0.03155455,-0.5715749,0.8198837
40,5.122225,0.1853616,1.193711,0.2889762,-0.004602673,0.009876338,-0.5710855,0.8208182
40,5.133336,0.1823643,1.202272,0.2908152,0.0001601758,-0.01218974,-0.5702912,0.8213522
40,5.144447,0.1805937,1.212761,0.2924158,0.002109352,-0.0352642,-0.5704662,0.8205609
40,5.155559,0.1785234,1.221792,0.29382,0.004236627,-0.05361789,-0.5689095,0.8206396
40,5.16667,0.1765143,1.231779,0.2954505,0.005122315,-0.07148352,-0.5660248,0.8212672
40,5.177781,0.1751818,1.24212,0.2963045,0.0007000193,-0.08620039,-0.5609993,0.8233157
40,5.188892,0.1741921,1.252362,0.2971441,-0.006865058,-0.09896895,-0.5551004,0.825846
40,5.200004,0.1737439,1.262514,0.2974021,-0.01638967,-0.111615,-0.5496873,0.8277181
40,5.211115,0.1740867,1.272564,0.2978739,-0.025351,-0.1240575,-0.5464112,0.82789
40,5.222226,0.1747336,1.283415,0.2978064,-0.03370867,-0.1362521,-0.5446485,0.8268356
40,5.233337,0.1756658,1.293191,0.2978245,-0.04185042,-0.1474303,-0.5433919,0.8253714
40,5.244449,0.1777838,1.303294,0.2975804,-0.0500835,-0.1578,-0.5441828,0.8224694
40,5.25556,0.1802222,1.313032,0.2967931,-0.05932789,-0.1668516,-0.5455444,0.8191593
40,5.266671,0.1834189,1.323017,0.2957832,-0.06987314,-0.1748942,-0.5469659,0.8156948
40,5.277782,0.1868244,1.331626,0.2947006,-0.0817558,-0.1803996,-0.547598,0.8129627
40,5.288894,0.1903019,1.340386,0.2935636,-0.09386358,-0.1860225,-0.5476112,0.8103748
40,5.300005,0.1948811,1.348512,0.2920904,-0.1078199,-0.1888569,-0.5476069,0.8079818
40,5.311116,0.1998304,1.356396,0.2903112,-0.1221324,-0.1906263,-0.5480424,0.8052296
40,5.322227,0.2055641,1.363849,0.2882188,-0.1360657,-0.191428,-0.5496007,0.8017359
40,5.333339,0.2116336,1.370265,0.2859701,-0.148962,-0.1912315,-0.5528284,0.7972588
40,5.34445,0.2179003,1.376847,0.2837296,-0.1619152,-0.1917816,-0.5561958,0.7922435
40,5.355561,0.2249587,1.382124,0.2811027,-0.1750795,-0.1905172,-0.5616898,0.7858466
40,5.366673,0.2324932,1.386786,0.2782528,-0.1887932,-0.188385,-0.5681422,0.7785131
40,5.377784,0.2397623,1.391156,0.275468,-0.2025501,-0.1858745,-0.5738921,0.7714091
40,5.388895,0.2485951,1.393716,0.2717359,-0.21824,-0.17984,-0.5813716,0.7629129
40,5.400006,0.25593,1.396185,0.268648,0.2315307,0.1746863,0.5867327,-0.7560576
40,5.411118,0.2645703,1.397603,0.2648982,0.2454083,0.1674219,0.5922899,-0.7489575
40,5.422229,0.2731678,1.399118,0.2613119,0.2587077,0.1604151,0.5977457,-0.741645
40,5.43334,0.2820915,1.398716,0.2572052,0.2716039,0.1510623,0.6037114,-0.7341282
40,5.444451,0.2921151,1.396572,0.2524298,0.2853591,0.1399185,0.6108383,-0.7251686
40,5.455563,0.3001162,1.395113,0.248731,0.2971261,0.1303495,0.6168973,-0.7170515
40,5.466674,0.3091007,1.391906,0.2441964,0.3092832,0.1189171,0.6245672,-0.7071906
40,5.477785,0.3177304,1.388742,0.2400318,-0.3212436,-0.1071871,-0.6321024,0.6969649
40,5.488896,0.3265088,1.382965,0.2352595,-0.3319994,-0.09303889,-0.6407928,0.6859334
40,5.500008,0.3353103,1.378083,0.2305108,-0.3421375,-0.07951376,-0.6483395,0.6754816
40,5.511119,0.3441781,1.371307,0.2256763,-0.3503774,-0.06417808,-0.656214,0.6652067
40,5.52223,0.3528775,1.364844,0.220599,-0.3581284,-0.04898049,-0.6636201,0.6549453
40,5.533341,0.361439,1.35639,0.2155542,-0.3636701,-0.03273235,-0.6718375,0.6444431
40,5.544453,0.3695874,1.347259,0.2101524,-0.3684347,-0.01617844,-0.6806781,0.6329861
40,5.555564,0.3776005,1.336921,0.2049804,-0.3735241,0.001165584,-0.6897547,0.6202554
40,5.566675,0.3845072,1.32636,0.199753,-0.3779478,0.01922584,-0.6983982,0.6074749
40,5.577786,0.3920942,1.315378,0.1945064,-0.3821814,0.03849103,-0.7065706,0.5943179
40,5.588898,0.3985881,1.303587,0.1888451,-0.3845091,0.05913356,-0.713462,0.5827761
40,5.600009,0.4043152,1.291069,0.1828588,-0.3860375,0.08100848,-0.7196288,0.571443
40,5.61112,0.409609,1.277892,0.1770913,-0.3880712,0.1031441,-0.7248206,0.5598188
40,5.622231,0.4139756,1.264359,0.170736,-0.3896271,0.1247564,-0.7300541,0.5474007
40,5.633343,0.418511,1.24932,0.163453,-0.3898807,0.148364,-0.7358996,0.5333225
40,5.644454,0.4216771,1.237191,0.1572958,-0.389246,0.1673701,-0.7402924,0.5219597
40,5.655565,0.4251873,1.222152,0.1491482,-0.3865241,0.189629,-0.7458524,0.5082758
40,5.666677,0.4271039,1.209157,0.1420578,-0.3830847,0.2070128,-0.7518343,0.4951131
40,5.677788,0.4294509,1.195534,0.1340611,-0.3803304,0.2253941,-0.7578542,0.4797949
40,5.688899,0.4303662,1.180342,0.1246762,0.3777725,-0.2443229,0.7655906,-0.4598534
40,5.70001,0.4311887,1.168557,0.1171092,0.3759736,-0.2602585,0.7704265,-0.4442435
40,5.711122,0.4311978,1.155544,0.1085497,0.3746304,-0.2795843,0.7736737,-0.4276842
40,5.722233,0.4318182,1.142408,0.09985477,0.3728858,-0.2991786,0.7756198,-0.4121433
40,5.733344,0.4309219,1.130203,0.09028099,0.3717628,-0.3202556,0.7748285,-0.3985845
40,5.744455,0.4300368,1.118551,0.08065233,0.370351,-0.3412473,0.7730839,-0.3856574
40,5.755567,0.4288398,1.106745,0.06956793,0.368578,-0.3632196,0.7712152,-0.3707409
40,5.766678,0.4278843,1.096864,0.06052202,0.3678851,-0.3804479,0.7693795,-0.3577359
40,5.777789,0.4261779,1.086994,0.04943394,0.3689994,-0.3986269,0.7663817,-0.3429216
40,5.7889,0.4245435,1.077566,0.03874496,0.371099,-0.414935,0.7628699,-0.3288526
40,5.800012,0.4228547,1.068809,0.02750392,0.3735189,-0.4314705,0.7582113,-0.3153291
40,5.811123,0.4210607,1.060649,0.01619525,0.3756692,-0.4484989,0.7524428,-0.3025742
40,5.822234,0.4189275,1.053809,0.00463655,0.3786398,-0.4658834,0.7446679,-0.2916405
40,5.833345,0.4166136,1.048204,-0.007330667,0.3820896,-0.4837467,0.7353764,-0.2814575
40,5.844457,0.4143175,1.043827,-0.01882578,0.3862639,-0.4998953,0.726784,-0.2696106
40,5.855568,0.4120945,1.040433,-0.0312031,0.3925265,-0.5128571,0.7197279,-0.2547395
40,5.866679,0.4103352,1.037976,-0.04360381,0.4009445,-0.5202295,0.7156138,-0.2377007
40,5.87779,0.4084851,1.035495,-0.05599463,0.4099381,-0.5258503,0.7119414,-0.2203899
40,5.888902,0.4068344,1.034331,-0.07002409,0.4228894,-0.5252576,0.7105593,-0.2009335
40,5.900013,0.4055726,1.034261,-0.0821918,0.4337252,-0.5254863,0.7072645,-0.1884765
40,5.911124,0.40419,1.035243,-0.09480258,0.4439584,-0.530039,0.699827,-0.1794484
40,5.922235,0.4030711,1.037144,-0.1063358,0.4521779,-0.5392908,0.6885566,-0.1749013
40,5.933347,0.4021305,1.03921,-0.1178633,0.4605559,-0.5482528,0.6770508,-0.1700274
40,5.944458,0.4012348,1.043031,-0.1288184,0.4700171,-0.5576859,0.6631114,-0.1683857
40,5.955569,0.4006459,1.046884,-0.1400105,0.4798834,-0.5648762,0.650665,-0.1651118
40,5.966681,0.4000453,1.052623,-0.1507363,0.4918416,-0.5691525,0.6382738,-0.1635962
40,5.977792,0.3998091,1.059504,-0.1618393,0.5040504,-0.569717,0.6287191,-0.1614563
40,5.988903,0.3993937,1.067617,-0.1740008,0.5183169,-0.5691354,0.6176851,-0.1609274
40,6.000014,0.3993896,1.07525,-0.1825763,0.5281111,-0.5685933,0.6093494,-0.162769
40,6.011126,0.3992173,1.083251,-0.1923274,0.5394049,-0.569093,0.5983445,-0.1648011
40,6.022237,0.3993677,1.093255,-0.2005937,0.5500419,-0.571175,0.5844539,-0.1721236
40,6.033348,0.3995652,1.102689,-0.2091504,0.5602843,-0.5735956,0.5707124,-0.1770794
40,6.044459,0.4000327,1.113013,-0.2165193,0.5699697,-0.5773007,0.5546455,-0.1850046
40,6.055571,0.4005976,1.124691,-0.2238229,0.5793809,-0.5810313,0.5379226,-0.1932863
40,6.066682,0.4011077,1.135054,-0.2304585,0.5881318,-0.5832106,0.5231282,-0.2007568
40,6.077793,0.4015235,1.147454,-0.2357382,0.597248,-0.5826434,0.5099764,-0.2091547
40,6.088904,0.4019952,1.159342,-0.241644,0.6063547,-0.5821763,0.4961522,-0.2173428
40,6.100016,0.4023055,1.171799,-0.2467905,0.6145101,-0.5809978,0.4833081,-0.2263455
40,6.111127,0.4027235,1.183983,-0.2515936,0.6221715,-0.5804047,0.4695867,-0.23563
40,6.122238,0.4033064,1.198193,-0.2552106,0.6284665,-0.5822653,0.4522291,-0.2479631
40,6.133349,0.4038607,1.209934,-0.258339,0.6335921,-0.5838599,0.4372301,-0.2578734
40,6.144461,0.4043452,1.223171,-0.2607031,0.6380134,-0.5865259,0.4196162,-0.2699046
40,6.155572,0.4051994,1.236301,-0.2636755,0.6424412,-0.5885531,0.4020244,-0.2815154
40,6.166683,0.4064428,1.251502,-0.2654984,0.64723,-0.5897675,0.3830633,-0.2941599
40,6.177794,0.406899,1.263616,-0.2661678,0.6515076,-0.589395,0.3680764,-0.3044195
40,6.188906,0.407231,1.277072,-0.2665269,0.6558809,-0.5884869,0.3525983,-0.314925
40,6.200017,0.4071833,1.290809,-0.2668442,-0.6594834,0.5864588,-0.3385408,0.3264011
40,6.211128,0.4070379,1.303774,-0.2669454,-0.6628208,0.5842605,-0.3245477,0.3376048
40,6.222239,0.4067517,1.317114,-0.2663848,-0.6643434,0.5825482,-0.3116321,0.3495295
40,6.233351,0.4065301,1.330181,-0.2654468,-0.6650514,0.5818058,-0.2975922,0.3614519
40,6.244462,0.4064335,1.342965,-0.2636598,-0.6641273,0.5835519,-0.2807545,0.3736027
40,6.255573,0.4063684,1.355697,-0.2621929,-0.6636485,0.5844799,-0.2637645,0.3852041
40,6.266685,0.4063151,1.369528,-0.2588668,0.6624865,-0.5859218,0.2435929,-0.3980826
40,6.277796,0.4057056,1.380637,-0.2560936,0.662327,-0.5851528,0.2292597,-0.4078715
40,6.288907,0.4050217,1.392533,-0.2531688,0.6629933,-0.5819639,0.2153534,-0.4187849
40,6.300018,0.404003,1.404649,-0.24915,0.663586,-0.5781448,0.2028489,-0.4292489
40,6.31113,0.4031369,1.416446,-0.2458778,0.6639955,-0.5741464,0.1905642,-0.4394897
40,6.322241,0.4019231,1.427796,-0.2416103,0.664117,-0.5701696,0.1794125,-0.4490727
40,6.333352,0.4005333,1.44008,-0.2367304,0.6634175,-0.56674,0.1657046,-0.4595921
40,6.344463,0.399757,1.449719,-0.2326291,0.6619914,-0.5652502,0.1527361,-0.467901
40,6.355575,0.3978389,1.460786,-0.2259015,0.6586713,-0.5653899,0.1334757,-0.4781951
40,6.366686,0.3968168,1.469532,-0.2213666,0.6564491,-0.5642388,0.1192276,-0.4863064
40,6.377797,0.3952057,1.478814,-0.2153654,0.6544634,-0.561743,0.1043241,-0.495216
40,6.388908,0.3936185,1.487769,-0.2095112,0.6528417,-0.5574157,0.09120716,-0.5047442
40,6.40002,0.3921945,1.497004,-0.2034065,0.6512839,-0.5522776,0.07854483,-0.514441
40,6.411131,0.3904149,1.50462,-0.1974992,0.6499934,-0.5465803,0.06988133,-0.5233309
40,6.422242,0.3881115,1.513183,-0.1900538,0.6473326,-0.5416785,0.0579603,-0.5330905
40,6.433353,0.3858829,1.519459,-0.1835669,0.6442445,-0.5382192,0.04781054,-0.5412793
40,6.444465,0.3840892,1.526293,-0.1767243,0.63952,-0.5355976,0.03431985,-0.5504285
40,6.455576,0.381994,1.532835,-0.1697519,0.634496,-0.5332662,0.02026519,-0.5591345
40,6.466687,0.3805986,1.538603,-0.1625102,0.6288359,-0.5316319,0.004110277,-0.5673765
40,6.477798,0.3788356,1.544472,-0.1541738,0.6238317,-0.5276021,-0.01231986,-0.5764706
40,6.48891,0.3774047,1.548692,-0.1473438,0.6208205,-0.5223493,-0.02231404,-0.5841534
40,6.500021,0.3757378,1.553193,-0.1393478,0.6176306,-0.514839,-0.0311974,-0.5937171
40,6.511132,0.3737988,1.557563,-0.1319975,0.6138293,-0.5083662,-0.03961158,-0.6026677
40,6.522243,0.3717336,1.561347,-0.1244956,0.609007,-0.5016324,-0.04616162,-0.6126536
40,6.533355,0.3695494,1.565078,-0.1167191,0.6035517,-0.4955586,-0.05416071,-0.6222649
40,6.544466,0.3672799,1.567509,-0.1089746,0.5964205,-0.4909706,-0.06217876,-0.6319526
40,6.555577,0.3650292,1.570248,-0.1011344,0.5901226,-0.4859502,-0.07137004,-0.6407137
40,6.566689,0.3631409,1.572147,-0.09310748,0.584033,-0.4812082,-0.08088535,-0.6486923
40,6.5778,0.361256,1.57347,-0.08444067,0.578799,-0.4757003,-0.09066671,-0.6561101
40,6.588911,0.35945,1.574454,-0.07619691,0.5739487,-0.4692298,-0.09922783,-0.663747
40,6.600022,0.3576327,1.574781,-0.06808671,0.5686074,-0.4613153,-0.1064459,-0.6727131
40,6.611134,0.3553338,1.574881,-0.05911334,0.5617929,-0.452612,-0.114184,-0.6830029
40,6.622245,0.3535681,1.574753,-0.0522027,0.5560087,-0.4462363,-0.1208012,-0.6907492
40,6.633356,0.3513968,1.573513,-0.0439385,0.548377,-0.4392632,-0.1291094,-0.699758
40,6.644467,0.3493544,1.571871,-0.03581666,0.5406911,-0.4326165,-0.1374094,-0.7082477
40,6.655579,0.3467998,1.569821,-0.02704302,0.5326551,-0.4250964,-0.1452504,-0.7172685
40,6.66669,0.3449716,1.5685,-0.01960774,0.5259779,-0.4182645,-0.1517968,-0.724817
40,6.677801,0.3425108,1.565011,-0.01136714,0.5190248,-0.4099844,-0.1577277,-0.7332449
40,6.688912,0.3401772,1.561595,-0.003387645,0.5112818,-0.4007077,-0.1640377,-0.7423717
40,6.700024,0.3381885,1.558316,0.003884971,0.5038241,-0.3922994,-0.1707037,-0.7504151
40,6.711135,0.3360246,1.553821,0.01169249,0.4961465,-0.3837345,-0.1781918,-0.7581781
40,6.722246,0.333505,1.548786,0.01939063,0.4884523,-0.3751664,-0.1858028,-0.7655991
40,6.733357,0.3305811,1.543531,0.0270483,0.4798844,-0.366446,-0.192512,-0.7735421
40,6.744469,0.3271348,1.537391,0.03534585,0.4692374,-0.356154,-0.1985417,-0.7832956
40,6.75558,0.3240856,1.532275,0.04187289,0.459888,-0.3479502,-0.2034017,-0.7912405
40,6.766691,0.3199578,1.525884,0.04939577,0.4484507,-0.3392133,-0.2081258,-0.8003186
40,6.777802,0.3158895,1.519433,0.05675501,0.4368335,-0.3305579,-0.2122795,-0.8092252
40,6.788914,0.3108161,1.512514,0.06372666,0.4243357,-0.3233281,-0.214655,-0.8181206
40,6.800025,0.3051515,1.504945,0.07149807,0.4121252,-0.3166327,-0.2198534,-0.8255671
40,6.811136,0.2996997,1.497514,0.07843834,0.4007419,-0.3091939,-0.2268359,-0.832076
40,6.822248,0.2938151,1.489049,0.08595917,0.3879706,-0.2982758,-0.2348712,-0.8398487
40,6.833359,0.2892392,1.48289,0.09122126,0.375617,-0.2870237,-0.2403485,-0.8477983
40,6.84447,0.284373,1.476881,0.09557384,0.3583752,-0.2683693,-0.2481463,-0.859051
40,6.855581,0.2803496,1.471611,0.1003123,0.3427607,-0.2515157,-0.2571525,-0.8678292
40,6.866693,0.2771389,1.467512,0.1037546,0.3266668,-0.2317447,-0.2664935,-0.876678
40,6.877804,0.2752213,1.465223,0.106254,0.3127166,-0.2129438,-0.2744755,-0.8840398
40,6.888915,0.2738001,1.463803,0.108396,0.3022131,-0.1971206,-0.2806492,-0.8894081
40,6.900026,0.2716022,1.461279,0.1111563,0.2982667,-0.1894718,-0.2842276,-0.8912644
40,6.911138,0.2704817,1.460219,0.1131252,0.2956819,-0.183168,-0.2871935,-0.8924918
40,6.922249,0.2698121,1.460401,0.11472,0.3032801,-0.1872865,-0.2839803,-0.8901125
40,6.93336,0.2696202,1.461308,0.1159676,0.3061341,-0.1869178,-0.2815355,-0.8899896
40,6.944471,0.269475,1.462846,0.1170025,0.3093738,-0.1871391,-0.2790647,-0.8896009
40,6.955583,0.2713152,1.467404,0.11626,0.3148991,-0.1891198,-0.2772525,-0.8878081
40,6.966694,0.2735363,1.471888,0.1150275,0.3198139,-0.192456,-0.2772016,-0.8853468
40,6.977805,0.2761205,1.477306,0.1133394,0.3259685,-0.1972616,-0.2779936,-0.881789
40,6.988916,0.2791649,1.483124,0.1106823,0.3338211,-0.2040212,-0.2778073,-0.8773608
40,7.000028,0.2823039,1.488174,0.1082328,0.3412536,-0.2106678,-0.2764336,-0.8733553
40,7.011139,0.2856532,1.494107,0.1044737,0.3503726,-0.2203292,-0.274005,-0.8681101
40,7.02225,0.2898721,1.499711,0.1002673,0.3604183,-0.2317016,-0.2711051,-0.8619252
40,7.033361,0.2934473,1.505166,0.09553884,0.3704581,-0.2439849,-0.2676,-0.8553493
40,7.044473,0.2979822,1.510665,0.09047431,0.3799071,-0.2552673,-0.2638311,-0.8490597
40,7.055584,0.3030101,1.516959,0.08342715,0.3898001,-0.2685785,-0.260553,-0.8414473
40,7.066695,0.3072755,1.521541,0.07818764,0.3980427,-0.279073,-0.2577936,-0.8349987
40,7.077806,0.3128126,1.526523,0.07013646,0.406896,-0.2925012,-0.255661,-0.8267503
40,7.088918,0.3182625,1.53111,0.06183514,0.4167426,-0.3073738,-0.2514487,-0.8176922
40,7.100029,0.3231856,1.53439,0.05473618,0.4249203,-0.3202028,-0.2471092,-0.8098456
40,7.11114,0.330048,1.538231,0.04450259,0.4351199,-0.3375063,-0.2407555,-0.7992477
40,7.122252,0.3348994,1.540338,0.03638355,0.4428743,-0.352042,-0.2344329,-0.7905504
40,7.133363,0.3408054,1.542419,0.02732068,0.4515181,-0.3676534,-0.2270143,-0.780658
40,7.144474,0.3464621,1.543724,0.01751456,0.4600011,-0.3828705,-0.2174299,-0.7710599
40,7.155585,0.3524313,1.543868,0.007247753,0.4687559,-0.397363,-0.2060049,-0.761533
40,7.166697,0.3582434,1.543755,-0.003274105,0.4776624,-0.411789,-0.193749,-0.751485
40,7.177808,0.3644289,1.542898,-0.01471181,0.4868025,-0.4268948,-0.1807048,-0.7403579
40,7.188919,0.3699834,1.541638,-0.02464053,0.4948439,-0.4404847,-0.1690321,-0.7297472
40,7.20003,0.3760262,1.538141,-0.03580367,0.5029294,-0.4556648,-0.156961,-0.717492
40,7.211142,0.3820661,1.535475,-0.0466203,0.5101473,-0.4701265,-0.1448125,-0.7055213
40,7.222253,0.3879432,1.532017,-0.05775532,0.5167941,-0.4845371,-0.1321374,-0.6933163
40,7.233364,0.393595,1.52688,-0.06873079,0.5228831,-0.4985797,-0.1180878,-0.6812246
40,7.244475,0.3990508,1.521146,-0.07956979,0.5286778,-0.5121875,-0.1014796,-0.6692277
40,7.255587,0.4046306,1.514848,-0.09027748,0.535431,-0.5246478,-0.08138978,-0.6568363
40,7.266698,0.4097825,1.506676,-0.1004514,0.5452968,-0.5335477,-0.05238833,-0.6443864
40,7.277809,0.4147345,1.500788,-0.1099996,0.5526239,-0.5420816,-0.03002176,-0.6323393
40,7.28892,0.4191704,1.49166,-0.1201617,0.5624918,-0.5459493,0.003988296,-0.6209078
40,7.300032,0.4235119,1.48378,-0.1298684,0.5693688,-0.5526076,0.03141214,-0.60783
40,7.311143,0.4280708,1.474174,-0.1393427,0.5730557,-0.5628448,0.05338535,-0.5932647
40,7.322254,0.4318988,1.463723,-0.1476023,0.5732407,-0.5766429,0.06910469,-0.5780162
40,7.333365,0.4360379,1.453463,-0.1559562,0.5730193,-0.5895851,0.08378737,-0.5630436
40,7.344477,0.4395628,1.441026,-0.1627324,0.571138,-0.6020759,0.09318309,-0.5501116
40,7.355588,0.4430272,1.429347,-0.1708043,0.571889,-0.6098356,0.1091571,-0.5377064
40,7.366699,0.4461481,1.417213,-0.1775442,0.5733075,-0.6152853,0.125164,-0.5263806
40,7.37781,0.4483673,1.403077,-0.1832325,0.5760312,-0.6157861,0.1469559,-0.5171067
40,7.388922,0.4501435,1.389148,-0.1892903,0.5768822,-0.6179442,0.1722425,-0.5056523
40,7.400033,0.4517312,1.377364,-0.194153,0.5763117,-0.6206561,0.1938138,-0.4950626
40,7.411144,0.4526795,1.364191,-0.1984257,0.574531,-0.6238931,0.218147,-0.4827873
40,7.422256,0.4532795,1.350675,-0.2016446,0.5717012,-0.6281404,0.239452,-0.4703829
40,7.433367,0.4541988,1.336693,-0.2039335,0.5676615,-0.6352917,0.2530732,-0.4583873
40,7.444478,0.4550011,1.322607,-0.205955,0.5631866,-0.6421353,0.2655881,-0.4471534
40,7.455589,0.4560463,1.307648,-0.2073296,0.5579889,-0.6488215,0.2755485,-0.4378951
40,7.466701,0.4558085,1.29288,-0.207553,0.5534367,-0.6527207,0.2886045,-0.4293844
40,7.477812,0.4551433,1.278228,-0.2074353,0.5495329,-0.6537083,0.305912,-0.4208288
40,7.488923,0.4542497,1.263156,-0.2072856,0.5452716,-0.6542434,0.3254725,-0.4107456
40,7.500034,0.4521179,1.248718,-0.205539,-0.5396237,0.6528221,-0.3492887,0.400783
40,7.511146,0.4509356,1.235376,-0.2040377,-0.5324473,0.6553051,-0.3662825,0.3910398
40,7.522257,0.4487379,1.220298,-0.2006654,-0.5206378,0.6618566,-0.3811217,0.381613
40,7.533368,0.4468375,1.206843,-0.196301,-0.5086576,0.6700071,-0.389883,0.3746321
40,7.544479,0.4445853,1.191095,-0.19171,-0.4961582,0.6769067,-0.4011155,0.3670567
40,7.555591,0.4423726,1.177633,-0.1862488,-0.4862871,0.6812422,-0.4092424,0.3632554
40,7.566702,0.4396941,1.163066,-0.1804716,-0.4752362,0.6837683,-0.4206612,0.360077
40,7.577813,0.4365864,1.149241,-0.1745572,-0.4620553,0.6857477,-0.434265,0.357308
40,7.588924,0.4333426,1.135689,-0.1685567,-0.4487028,0.6875265,-0.44864,0.3531223
40,7.600036,0.4292998,1.12293,-0.1613746,-0.434485,0.6871497,-0.4661397,0.3489439
40,7.611147,0.425403,1.110864,-0.1538437,-0.4201361,0.6865953,-0.4834516,0.3440159
40,7.622258,0.421432,1.098333,-0.1459686,-0.4052679,0.6866684,-0.4987681,0.3398157
40,7.633369,0.4165697,1.087385,-0.1365339,-0.3892704,0.687724,-0.5111517,0.3379766
40,7.644481,0.4123425,1.07569,-0.1273361,-0.3738486,0.6883328,-0.5228022,0.3363229
40,7.655592,0.40738,1.064288,-0.1175586,-0.3579659,0.68899,-0.5333419,0.3357075
40,7.666703,0.4008807,1.053745,-0.1061397,-0.340451,0.6896311,-0.5416203,0.3393368
40,7.677814,0.3957495,1.044006,-0.09620379,-0.3233539,0.6886948,-0.5518588,0.3414578
40,7.688926,0.3903779,1.035877,-0.08540862,-0.3063845,0.6864074,-0.5623164,0.3446356
40,7.700037,0.3845332,1.027736,-0.07398833,-0.2907374,0.6830408,-0.5733613,0.3466753
40,7.711148,0.3785551,1.021232,-0.06225652,-0.2753679,0.6794169,-0.5841857,0.3482705
40,7.72226,0.372673,1.014085,-0.05035926,-0.2597874,0.6756381,-0.594548,0.3500521
40,7.733371,0.3665507,1.009099,-0.03817958,-0.2450086,0.6701379,-0.6050974,0.3531901
40,7.744482,0.3600069,1.004684,-0.02564532,-0.2295172,0.6631079,-0.6146053,0.3603751
40,7.755593,0.3539108,0.9998898,-0.01323662,-0.2126385,0.6565174,-0.6234696,0.3674989
40,7.766705,0.3471975,0.9963502,-0.0009842515,-0.1955222,0.6487169,-0.6306601,0.3784248
40,7.777816,0.340354,0.9933741,0.01206048,-0.177586,0.6395363,-0.6383806,0.3897777
40,7.788927,0.333949,0.990808,0.0237914,-0.1626964,0.6312631,-0.6446228,0.3993723
40,7.800038,0.3270792,0.9897171,0.03658215,-0.1484233,0.622004,-0.6508735,0.4092006
40,7.81115,0.3201383,0.989068,0.04948271,-0.1345698,0.6122937,-0.6565254,0.419478
40,7.822261,0.3129781,0.9889425,0.06221437,-0.1202021,0.6020699,-0.6606988,0.4319031
40,7.833372,0.3063657,0.988976,0.07463036,-0.10464,0.5909861,-0.6647514,0.44485
40,7.844483,0.2994817,0.9903113,0.08605336,-0.08870691,0.5769616,-0.6671528,0.4627671
40,7.855595,0.2930693,0.9916826,0.09787419,-0.07327178,0.5638107,-0.6697346,0.4777072
40,7.866706,0.2865297,0.9940076,0.1091789,-0.05907136,0.5502425,-0.6712283,0.4931494
40,7.877817,0.2804008,0.997117,0.1198481,-0.04723258,0.5360193,-0.6739763,0.5061703
40,7.888928,0.2740618,1.000956,0.1309128,-0.03809898,0.5210442,-0.6781278,0.5169177
40,7.90004,0.2679428,1.004296,0.1415757,-0.02941497,0.5064124,-0.6821229,0.5266779
40,7.911151,0.2621116,1.008776,0.1516518,-0.02359787,0.4915816,-0.6867452,0.5349503
40,7.922262,0.2563438,1.01378,0.1616441,-0.01805665,0.4778745,-0.6895285,0.5439304
40,7.933373,0.2507016,1.019413,0.1715779,-0.01191323,0.4649084,-0.6900378,0.5545865
40,7.944485,0.2449813,1.025121,0.1810675,-0.006929457,0.4518816,-0.6891002,0.5664768
40,7.955596,0.2393002,1.030889,0.1906252,-0.001886293,0.4380553,-0.6881505,0.5784054
40,7.966707,0.2336596,1.03719,0.1994003,0.001300693,0.4242487,-0.6859646,0.5911548
40,7.977818,0.2278659,1.043991,0.2079735,0.003674492,0.4095425,-0.684456,0.603143
40,7.98893,0.2223959,1.05069,0.2163246,0.005920291,0.3946724,-0.6837817,0.6137111
40,8.000041,0.2170697,1.058459,0.2239543,0.005938694,0.3788744,-0.6850829,0.6221579
40,8.011152,0.2118839,1.066203,0.2311457,0.005165964,0.3626907,-0.6877759,0.6288028
40,8.022264,0.2071672,1.074362,0.2378729,0.004711092,0.3463406,-0.6910875,0.634369
40,8.033375,0.2023007,1.082415,0.2448474,0.004433081,0.330319,-0.6935922,0.6401558
40,8.044486,0.1980377,1.091219,0.2502357,0.003118008,0.3153349,-0.6967928,0.6442313
40,8.055597,0.1936316,1.099731,0.2560642,0.001908436,0.3003042,-0.6987081,0.6493233
40,8.066709,0.1894479,1.108328,0.261212,-0.0004991293,0.2856968,-0.6998804,0.6546331
40,8.07782,0.1855812,1.116973,0.2662201,-0.002491042,0.2703586,-0.7006,0.6603482
40,8.088931,0.1821536,1.125942,0.2701841,-0.006836906,0.2548006,-0.7007647,0.6663023
40,8.100042,0.1786812,1.134744,0.2742151,-0.01058428,0.2399524,-0.7009819,0.6715171
40,8.111154,0.1752865,1.144174,0.2777116,-0.01566474,0.2265127,-0.7004812,0.676589
40,8.122265,0.1722681,1.153683,0.2804716,-0.02120563,0.2135417,-0.7002498,0.6808823
40,8.133376,0.1692371,1.163024,0.2832705,-0.02665287,0.1996491,-0.7004148,0.6847255
40,8.144487,0.1667862,1.172691,0.2850717,-0.03379726,0.1861231,-0.7010111,0.6876041
40,8.155599,0.1642479,1.182263,0.2869304,-0.04008469,0.1726303,-0.7008344,0.6909581
40,8.16671,0.1620457,1.19179,0.2883864,-0.04759922,0.1596985,-0.6999365,0.6944922
40,8.177821,0.159752,1.20116,0.2897475,-0.05495873,0.1461588,-0.6985056,0.6983603
40,8.188932,0.1581273,1.210395,0.2900496,-0.06386235,0.1334691,-0.695886,0.7027449
40,8.200044,0.1561323,1.219722,0.2909201,-0.07220379,0.1209138,-0.6937374,0.7063249
40,8.211155,0.1547116,1.228993,0.2908763,-0.08057614,0.1089933,-0.6914086,0.7096351
40,8.222266,0.1534165,1.238106,0.2908986,-0.0891148,0.09692628,-0.6892966,0.7124142
40,8.233377,0.1521851,1.247418,0.290686,0.0974728,-0.08417496,0.6873506,-0.7148166
40,8.244489,0.1515427,1.255981,0.2900591,0.1053976,-0.07218572,0.6860264,-0.716274
40,8.2556,0.1504605,1.264902,0.2897815,0.1133831,-0.05984256,0.6838837,-0.7182383
40,8.266711,0.1498976,1.273574,0.2891608,0.1209305,-0.04875493,0.6820943,-0.7195458
40,8.277822,0.149372,1.282194,0.2882055,0.1278596,-0.03829847,0.6799186,-0.721038
40,8.288934,0.1490068,1.290642,0.2874156,0.1347894,-0.02892844,0.6771066,-0.7228567
40,8.300045,0.148752,1.298989,0.2864586,0.1417285,-0.01932689,0.6744125,-0.7243667
40,8.311156,0.1484639,1.306889,0.2852971,0.149047,-0.009303071,0.6714485,-0.725848
40,8.322268,0.148353,1.314717,0.2844068,0.1564047,0.0003810227,0.6686041,-0.7269841
40,8.333379,0.1481031,1.322524,0.2832832,0.1635756,0.009991497,0.6658014,-0.727909
40,8.34449,0.1480449,1.330201,0.2823166,0.1705038,0.018635,0.6630844,-0.728629
40,8.355601,0.1477512,1.337751,0.280985,0.1771958,0.02674321,0.6608249,-0.7288325
40,8.366713,0.1475308,1.3453,0.2799977,0.1839538,0.03443881,0.6586521,-0.7288021
40,8.377824,0.1472356,1.352452,0.278742,0.190624,0.04156648,0.6568202,-0.7283695
40,8.388935,0.1471912,1.360286,0.2770717,0.1985143,0.04991163,0.6545136,-0.7278138
40,8.400046,0.1472745,1.366055,0.2761146,0.2046098,0.0561678,0.6525956,-0.7273919
40,8.411158,0.1472155,1.372713,0.2749786,0.2117505,0.06278158,0.6502461,-0.7269114
40,8.422269,0.1471637,1.379292,0.2735082,0.219416,0.06878725,0.6481245,-0.7259887
40,8.43338,0.1470124,1.385469,0.2721022,0.2269489,0.07436024,0.6463227,-0.7247287
40,8.444491,0.1470336,1.391487,0.2709204,0.2343707,0.07922149,0.6446607,-0.7233304
40,8.455603,0.1469567,1.397455,0.269641,0.2418322,0.08408847,0.6428499,-0.721935
40,8.466714,0.1469076,1.403481,0.2683861,0.2494401,0.08952465,0.6407018,-0.7206013
40,8.477825,0.1466892,1.4088,0.2669394,0.2575917,0.09433963,0.6378556,-0.7196435
40,8.488936,0.1466595,1.413747,0.265722,0.2644639,0.0981018,0.6350775,-0.7191047
40,8.500048,0.1465085,1.418652,0.2640686,0.2714997,0.1014784,0.6321213,-0.7186186
40,8.511159,0.1464604,1.423431,0.2624344,0.278195,0.1049152,0.6300774,-0.7173582
40,8.52227,0.1465725,1.428054,0.2609564,0.2847053,0.1091053,0.6284137,-0.7156361
40,8.533381,0.1465264,1.432095,0.2593347,0.2906147,0.1132512,0.6275765,-0.7133479
40,8.544493,0.1464893,1.436301,0.2574675,0.2965316,0.1163972,0.6257995,-0.711966
40,8.555604,0.1464228,1.440124,0.2556842,0.3016943,0.1188445,0.6236792,-0.711253
40,8.566715,0.1466489,1.443293,0.2537814,0.3063473,0.121177,0.6207248,-0.7114549
40,8.577826,0.1465653,1.44672,0.2519116,0.3116618,0.1244962,0.6178573,-0.7110695
40,8.588938,0.1467586,1.449377,0.2501844,0.3164587,0.1276684,0.6145925,-0.7112178
40,8.600049,0.1468809,1.451741,0.2483482,0.3212095,0.1302867,0.6118164,-0.7110067
40,8.61116,0.1469431,1.454291,0.24652,0.3254877,0.1321951,0.6091352,-0.711011
40,8.622272,0.1470275,1.456346,0.24507,0.329559,0.1338206,0.6064152,-0.7111565
40,8.633383,0.1469084,1.458139,0.2437942,0.3335362,0.1358427,0.6033407,-0.7115338
40,8.644494,0.1471656,1.459754,0.2426248,0.3372536,0.1379832,0.5998487,-0.7123216
40,8.655605,0.1472954,1.461019,0.2413758,0.3410847,0.1404083,0.5963357,-0.7129731
40,8.666717,0.1476901,1.462101,0.2404466,0.3447365,0.1419437,0.592773,-0.713883
40,8.677828,0.1480292,1.463005,0.2396045,0.3479361,0.1432225,0.5900674,-0.7143167
40,8.688939,0.1485467,1.463608,0.2389791,0.3506428,0.1430803,0.5877436,-0.714937
40,8.70005,0.1492486,1.463979,0.2382779,0.3523971,0.1428556,0.5862324,-0.7153601
40,8.711162,0.1500951,1.464123,0.2376733,0.3541388,0.142513,0.5850465,-0.7155392
40,8.722273,0.1509771,1.464185,0.2373624,0.3552972,0.1417081,0.5839368,-0.7160312
40,8.733384,0.1521263,1.463946,0.2370414,0.3555176,0.1399094,0.5828872,-0.7171299
40,8.744495,0.1534582,1.463462,0.2370218,0.3554349,0.1375151,0.5828925,-0.7176294
40,8.755607,0.1551114,1.462559,0.2372636,0.3552637,0.1356797,0.5839585,-0.7171968
40,8.766718,0.1568809,1.461385,0.2377088,0.3547109,0.1341448,0.5859655,-0.7161213
40,8.777829,0.1588019,1.460075,0.2382053,0.3544436,0.1327067,0.5876925,-0.7151058
40,8.78894,0.1607427,1.458114,0.2391178,0.354094,0.1305911,0.5904021,-0.7134343
40,8.800052,0.1626875,1.456336,0.2399138,0.3538664,0.1278277,0.5927517,-0.7120984
40,8.811163,0.1644666,1.45398,0.2413043,0.3538637,0.1235195,0.5952872,-0.7107437
40,8.822274,0.1669439,1.450688,0.2429648,0.3542418,0.1183493,0.5976782,-0.7094272
40,8.833385,0.168928,1.44772,0.2442421,0.3547996,0.1144192,0.5992591,-0.7084589
40,8.844497,0.1717601,1.443779,0.246185,0.3556417,0.1094373,0.6000925,-0.7081182
40,8.855608,0.1746902,1.439717,0.2479576,0.3562751,0.1052138,0.6009997,-0.7076705
40,8.866719,0.1784871,1.433891,0.2505423,0.3568016,0.1007362,0.6013572,-0.707753
40,8.877831,0.1822095,1.428308,0.2527123,0.3570954,0.09704091,0.6025261,-0.7071267
40,8.888942,0.1859829,1.421094,0.2551797,0.3577228,0.09184463,0.6035876,-0.7065981
40,8.900053,0.1903274,1.413154,0.2578659,0.3576394,0.08616944,0.6041571,-0.7068684
40,8.911164,0.1947856,1.404281,0.2604398,0.356716,0.08075652,0.6046861,-0.7075216
