Trial,time,PositionX,PositionY,PositionZ,RotationQX,RotationQY,RotationQZ,RotationQW,,
1,0,0.4860652,1.542658,-0.04926319,0.540723,-0.3488356,0.1950094,-0.7402052,,0.21
1,0,0.4860652,1.542658,-0.04926319,0.540723,-0.3488356,0.1950094,-0.7402052,,
1,0.01111111,0.4860325,1.542124,-0.04910273,0.5408897,-0.3514567,0.1929013,-0.7393954,,
1,0.02222222,0.4863513,1.540971,-0.0490252,0.5419087,-0.3539481,0.1907048,-0.7380293,,
1,0.03333334,0.4861589,1.539944,-0.04864398,0.542561,-0.358549,0.1920276,-0.7349799,,
1,0.04444445,0.4867247,1.538434,-0.0486802,0.5429699,-0.3590645,0.1895285,-0.7350751,,
1,0.05555556,0.4868812,1.536628,-0.04838151,0.5431314,-0.3613443,0.1898335,-0.7337587,,
1,0.06666667,0.4873822,1.53473,-0.04846497,0.5428027,-0.3632512,0.1908007,-0.7328088,,
1,0.07777778,0.4875788,1.532885,-0.04852844,0.5423019,-0.3648603,0.1919882,-0.7320698,,
1,0.08888889,0.4879176,1.530344,-0.048475,0.5416815,-0.3673469,0.1936901,-0.7308362,,
1,0.1,0.4885684,1.527441,-0.04857212,0.540927,-0.3705287,0.1953267,-0.7293517,,
1,0.1111111,0.4891816,1.524042,-0.04819233,0.5405701,-0.3741558,0.1967661,-0.7273751,,
1,0.1222222,0.4896185,1.520838,-0.04783798,0.5405407,-0.3779173,0.1979435,-0.7251294,,
1,0.1333333,0.4901208,1.51662,-0.0469326,0.5410984,-0.3824555,0.19951,-0.7218975,,
1,0.1444445,0.4903803,1.512415,-0.04635049,0.5413771,-0.386095,0.2022532,-0.718982,,
1,0.1555556,0.4908313,1.508057,-0.0461212,0.5409036,-0.3895755,0.2058801,-0.716427,,
1,0.1666667,0.4911996,1.503127,-0.04595441,0.5392808,-0.3924664,0.2111676,-0.714531,,
1,0.1777778,0.4914534,1.49763,-0.04584606,0.5369303,-0.3961805,0.216651,-0.7126073,,
1,0.1888889,0.4916956,1.49242,-0.04566098,0.5343078,-0.4000603,0.2213304,-0.710971,,
1,0.2,0.4921158,1.487089,-0.04572634,0.5317903,-0.4041663,0.2261725,-0.7090096,,
1,0.2111111,0.4921255,1.481191,-0.04513651,0.5287934,-0.4083035,0.2319971,-0.7069958,,
1,0.2222222,0.4911785,1.474271,-0.04478044,0.5253842,-0.4124978,0.239872,-0.7044703,,
1,0.2333333,0.4909428,1.468404,-0.04428288,0.5229944,-0.4162105,0.2455531,-0.7021034,,
1,0.2444444,0.4908668,1.461395,-0.04385757,0.5203018,-0.4200242,0.2522562,-0.6994517,,
1,0.2555556,0.4906423,1.454219,-0.04317295,0.5175374,-0.4237795,0.2587169,-0.6968727,,
1,0.2666667,0.4901637,1.447188,-0.04224276,0.5145248,-0.4278808,0.2650378,-0.694217,,
1,0.2777778,0.4897284,1.439698,-0.04133004,0.5107117,-0.4317761,0.2722722,-0.6918171,,
1,0.2888889,0.4887054,1.43225,-0.04016719,0.5061389,-0.4359832,0.2799205,-0.6894829,,
1,0.3,0.4875559,1.424556,-0.03883138,0.501311,-0.440383,0.2878076,-0.6869621,,
1,0.3111111,0.4862351,1.416912,-0.03768843,0.4958795,-0.4444307,0.2960106,-0.6848084,,
1,0.3222222,0.4845951,1.408975,-0.03616263,0.4896311,-0.4486121,0.3040348,-0.6830605,,
1,0.3333333,0.483306,1.40128,-0.03503182,0.4833207,-0.452641,0.3112534,-0.681644,,
1,0.3444445,0.4816048,1.393095,-0.03332654,0.4758916,-0.457424,0.3169805,-0.6810387,,
1,0.3555556,0.479863,1.3845,-0.03143083,0.4681037,-0.4628513,0.3216729,-0.6805689,,
1,0.3666667,0.4775056,1.37641,-0.02953872,0.4600538,-0.4682781,0.327049,-0.679783,,
1,0.3777778,0.4755894,1.368375,-0.02742239,0.4522367,-0.4735161,0.332781,-0.6786172,,
1,0.3888889,0.4719931,1.360477,-0.02477734,0.4433686,-0.4795251,0.3397291,-0.6768043,,
1,0.4,0.46911,1.35264,-0.02255552,0.4346992,-0.4852731,0.3464716,-0.6749104,,
1,0.4111111,0.4652538,1.345054,-0.01964483,0.4256545,-0.4905414,0.3535314,-0.6732034,,
1,0.4222222,0.461196,1.337072,-0.01636709,0.4167486,-0.4951428,0.3592704,-0.6723682,,
1,0.4333333,0.4574797,1.329417,-0.01338992,0.4081873,-0.4995455,0.3643876,-0.6716095,,
1,0.4444444,0.453068,1.321138,-0.009751998,0.3987922,-0.5038903,0.3671413,-0.6725077,,
1,0.4555556,0.4488145,1.312922,-0.006308459,0.3872945,-0.5090011,0.3688652,-0.6744326,,
1,0.4666667,0.4443722,1.305222,-0.003161989,0.3755952,-0.5130775,0.3711097,-0.6767254,,
1,0.4777778,0.4397296,1.297254,0.000165723,0.362269,-0.5162954,0.3727639,-0.6806228,,
1,0.4888889,0.4345669,1.289557,0.003495008,0.3486636,-0.5184813,0.3761531,-0.6841929,,
1,0.5,0.4296443,1.28222,0.006875679,0.3357289,-0.5200272,0.3808321,-0.686895,,
1,0.5111111,0.424569,1.275055,0.01076598,0.3233635,-0.5219769,0.3862254,-0.6883357,,
1,0.5222223,0.419354,1.268171,0.01466185,0.3120455,-0.5230066,0.3936099,-0.688595,,
1,0.5333334,0.4140348,1.261024,0.01900757,-0.3015706,0.5239916,-0.4012344,0.6881127,,
1,0.5444446,0.4079778,1.254186,0.02378084,-0.293696,0.5239916,-0.4121244,0.6850758,,
1,0.5555557,0.4024729,1.247543,0.02834303,-0.2849736,0.524256,-0.421299,0.6829736,,
1,0.5666668,0.3962099,1.241101,0.0334,-0.277115,0.524417,-0.4323535,0.6791645,,
1,0.577778,0.3901016,1.235093,0.03890703,-0.2686114,0.5246489,-0.443897,0.6749421,,
1,0.5888891,0.3843066,1.229054,0.04398092,-0.2591967,0.5245551,-0.4547904,0.6714348,,
1,0.6000003,0.3776512,1.223402,0.04947907,-0.247982,0.5235609,-0.4673614,0.667804,,
1,0.6111114,0.3720312,1.218703,0.05449584,-0.2368247,0.5224347,-0.4776903,0.6654232,,
1,0.6222225,0.3663177,1.21377,0.05972033,-0.2245762,0.5212411,-0.4878004,0.6632678,,
1,0.6333337,0.3601245,1.2094053,0.06518066,-0.2110062,0.5194798,-0.4955404,0.6633679,,
1,0.6444448,0.3545065,1.2056449,0.07085187,-0.1992162,0.5182737,-0.5002953,0.6643869,,
1,0.655556,0.3486129,1.2017729,0.07654977,-0.1876779,0.5164855,-0.5059445,0.6648608,,
1,0.6666671,0.3430632,1.198693,0.08266714,-0.1766096,0.5138221,-0.5116559,0.6655856,,
1,0.6777782,0.3377804,1.1964944,0.08861654,-0.1653522,0.5100746,-0.5179443,0.6664955,,
1,0.6888894,0.3334329,1.1949505,0.09444846,-0.1530049,0.505074,-0.5242794,0.6682969,,
1,0.7000005,0.329428,1.1942182,0.1004101,-0.1389335,0.4991664,-0.5304024,0.6709722,,
1,0.7111117,0.3256086,1.1944061,0.1065581,-0.1244158,0.4925377,-0.5356411,0.6745487,,
1,0.7222228,0.3223405,1.195202,0.1128206,-0.1108303,0.4855486,-0.5392072,0.6791279,,
1,0.7333339,0.3187259,1.1957845,0.1193757,-0.09865363,0.4785687,-0.5407441,0.6847153,,
1,0.7444451,0.3157358,1.1975277,0.1260719,-0.08984782,0.4709999,-0.5369392,0.6941057,,
1,0.7555562,0.3124418,1.1991407,0.1328501,-0.08282003,0.4641939,-0.5315309,0.7036617,,
1,0.7666674,0.3097685,1.2022552,0.1398455,-0.08081335,0.4568427,-0.5217832,0.7158954,,
1,0.7777785,0.3079914,1.2066337,0.146666,-0.08013482,0.4474438,-0.5138601,0.7275441,,
1,0.7888896,0.3073274,1.212384,0.1528734,-0.08125678,0.4345216,-0.5081846,0.7391459,,
1,0.8000008,0.3077079,1.219003,0.1591409,-0.08396769,0.4195163,-0.5038297,0.7504074,,
1,0.8111119,0.3088238,1.227368,0.1651449,-0.0872229,0.4050176,-0.4980896,0.7617478,,
1,0.8222231,0.3094772,1.235558,0.171869,-0.09030379,0.3924691,-0.4909909,0.7724903,,
1,0.8333342,0.3112772,1.246641,0.1782845,-0.09662209,0.3804748,-0.4824617,0.7830287,,
1,0.8444453,0.3130129,1.258086,0.1848942,-0.1057668,0.3684618,-0.473964,0.7927216,,
1,0.8555565,0.3147594,1.269937,0.1916166,-0.1150204,0.3557838,-0.4653038,0.8022971,,
1,0.8666676,0.3171223,1.283324,0.1973844,-0.1276783,0.343896,-0.4563176,0.8106837,,
1,0.8777788,0.319678,1.297941,0.203422,-0.1400208,0.3310176,-0.4474353,0.8189158,,
1,0.8888899,0.3223611,1.312914,0.2092422,-0.1520893,0.3173385,-0.4382765,0.8270906,,
1,0.900001,0.3255702,1.3307,0.2140726,0.1654325,-0.3017268,0.4292484,-0.8350682,,
1,0.9111122,0.328482,1.347979,0.218579,0.1778489,-0.2871413,0.4178901,-0.8433787,,
1,0.9222233,0.3312223,1.364673,0.2229803,0.1906308,-0.2726712,0.404815,-0.8517249,,
1,0.9333345,0.3338395,1.383119,0.2267034,0.204674,-0.2587761,0.3880703,-0.8605492,,
1,0.9444456,0.3357176,1.401085,0.2299944,0.2191578,-0.2457521,0.3698149,-0.8687996,,
1,0.9555568,0.3376375,1.419563,0.2324569,0.2353781,-0.2339186,0.3507776,-0.8756908,,
1,0.9666679,0.3384502,1.438401,0.2350535,0.2529692,-0.2227189,0.3314392,-0.8812213,,
1,0.977779,0.3397413,1.455859,0.236788,0.2685055,-0.2118835,0.3157126,-0.8850626,,
1,0.9888902,0.3400165,1.474687,0.2380772,0.2861221,-0.19938,0.3003267,-0.8877981,,
1,1.000001,0.3402999,1.492106,0.238146,0.3022994,-0.1876626,0.2881873,-0.889014,,
1,1.011112,0.3404337,1.510849,0.237913,0.3202747,-0.1737317,0.274867,-0.8897694,,
1,1.022224,0.3404148,1.527236,0.2379758,0.3370422,-0.1610267,0.2627587,-0.889624,,
1,1.033335,0.3397488,1.542964,0.2368758,0.3550372,-0.1484607,0.2514885,-0.8880662,,
1,1.044446,0.3388311,1.55863,0.2357357,0.3765454,-0.1348832,0.2396008,-0.8846533,,
1,1.055557,0.3373673,1.571827,0.2346468,0.398385,-0.1245391,0.2304145,-0.879027,,
1,1.066668,0.3354909,1.585946,0.2339081,0.4219122,-0.11383,0.2208669,-0.8719234,,
1,1.077779,0.3330689,1.596959,0.2332603,0.4465816,-0.1051496,0.2187735,-0.861189,,
1,1.08889,0.3300146,1.607016,0.232752,0.4729556,-0.09387256,0.2225114,-0.8473427,,
1,1.100002,0.3264385,1.614757,0.2327289,0.498842,-0.08025503,0.2340344,-0.8306284,,
1,1.111113,0.319032,1.627449,0.2340056,0.5452537,-0.04735732,0.2693967,-0.7923895,,
1,1.122224,0.319032,1.627449,0.2340056,0.5452537,-0.04735732,0.2693967,-0.7923895,,
1,1.133335,0.3151782,1.63262,0.2351906,0.566012,-0.03085172,0.2892447,-0.7713728,,
1,1.144446,0.3095713,1.631857,0.2379982,0.5853357,-0.01545569,0.3160824,-0.7464819,,
1,1.155557,0.2983073,1.630173,0.2461655,-0.6283989,-0.002201617,-0.3480643,0.6956733,,
1,1.166668,0.2983073,1.630173,0.2461655,-0.6283989,-0.002201617,-0.3480643,0.6956733,,
1,1.17778,0.2915978,1.626346,0.2515268,-0.6447213,-0.003794163,-0.3623118,0.67309,,
1,1.188891,0.2779959,1.615204,0.262313,-0.6596991,-0.01868761,-0.4008851,0.6354046,,
1,1.200002,0.2702654,1.605047,0.2691969,-0.6542854,-0.0255965,-0.4223952,0.6267676,,
1,1.211113,0.2702654,1.605047,0.2691969,-0.6542854,-0.0255965,-0.4223952,0.6267676,,
1,1.222224,0.2628543,1.596762,0.2753346,-0.6511807,-0.03085172,-0.4410561,0.6168317,,
1,1.233335,0.2554273,1.585858,0.2814701,-0.6403669,-0.03122976,-0.4586439,0.6153054,,
1,1.244446,0.247625,1.574294,0.2880337,-0.6271361,-0.02607068,-0.4736839,0.6177737,,
1,1.255558,0.2400143,1.561879,0.294768,-0.6145808,-0.0179708,-0.4861062,0.6210221,,
1,1.266669,0.2253161,1.536564,0.3082696,-0.5836072,-0.00322938,-0.5062332,0.6349173,,
1,1.27778,0.2253161,1.536564,0.3082696,-0.5836072,-0.00322938,-0.5062332,0.6349173,,
1,1.288891,0.2115682,1.507747,0.3208719,-0.5404953,0.006230116,-0.5251359,0.6573114,,
1,1.300002,0.2115682,1.507747,0.3208719,-0.5404953,0.006230116,-0.5251359,0.6573114,,
1,1.311113,0.1969685,1.479848,0.3307311,-0.4876809,0.0206037,-0.5474893,0.6797045,,
1,1.322224,0.1969685,1.479848,0.3307311,-0.4876809,0.0206037,-0.5474893,0.6797045,,
1,1.333336,0.1892858,1.465087,0.3353703,-0.4554228,0.02605332,-0.5621541,0.6898506,,
1,1.344447,0.1818574,1.451629,0.3384423,-0.4230052,0.03123923,-0.5775827,0.6974876,,
1,1.355558,0.1665162,1.424752,0.3455583,-0.3725103,0.04464252,-0.6015798,0.7052267,,
1,1.366669,0.1665162,1.424752,0.3455583,-0.3725103,0.04464252,-0.6015798,0.7052267,,
1,1.37778,0.1578347,1.410498,0.3490785,0.3515152,-0.05452509,0.611015,-0.7071949,,
1,1.388891,0.1401828,1.384081,0.3533986,0.3101987,-0.06823265,0.6294022,-0.7092065,,
1,1.400002,0.1401828,1.384081,0.3533986,0.3101987,-0.06823265,0.6294022,-0.7092065,,
1,1.411114,0.1260351,1.35972,0.3550449,0.2563618,-0.07609902,0.6456957,-0.7152376,,
1,1.422225,0.1201199,1.348264,0.3547701,0.227761,-0.07753986,0.6513543,-0.719618,,
1,1.433336,0.1201199,1.348264,0.3547701,0.227761,-0.07753986,0.6513543,-0.719618,,
1,1.444447,0.1142254,1.336661,0.3546122,0.2005014,-0.08052051,0.6558633,-0.7232973,,
1,1.455558,0.1064182,1.32407,0.3530454,0.1715696,-0.08438062,0.6591366,-0.727312,,
1,1.466669,0.1012162,1.315204,0.3521304,0.1516957,-0.08805937,0.6621342,-0.7285686,,
1,1.47778,0.08786843,1.295269,0.3490019,0.1100737,-0.09725389,0.6670358,-0.7304032,,
1,1.488891,0.08271945,1.285724,0.3470758,0.08976613,-0.09753618,0.6697277,-0.7306802,,
1,1.500003,0.07771694,1.276696,0.3448718,-0.06876426,0.09730266,-0.6702946,0.7324677,,
1,1.511114,0.07771694,1.276696,0.3448718,-0.06876426,0.09730266,-0.6702946,0.7324677,,
1,1.522225,0.07308787,1.268268,0.3418202,-0.04554274,0.09668258,-0.6689727,0.7355638,,
1,1.533336,0.06854472,1.260082,0.3390521,-0.02083217,0.09635289,-0.6672749,0.7382591,,
1,1.544447,0.06203125,1.24701,0.3333825,0.02745695,0.09208121,-0.6590014,0.7459787,,
1,1.555558,0.05813647,1.239867,0.3300398,0.04606372,0.08799342,-0.653978,0.7499653,,
1,1.566669,0.05813647,1.239867,0.3300398,0.04606372,0.08799342,-0.653978,0.7499653,,
1,1.577781,0.05110644,1.227928,0.3238916,0.07265943,0.08085816,-0.6397504,0.7608561,,
1,1.588892,0.04837144,1.222473,0.3210749,0.08814131,0.07622058,-0.6332537,0.7651218,,
1,1.600003,0.04618052,1.218191,0.3178428,-0.1054558,-0.06918649,0.6255994,-0.7698816,,
1,1.611114,0.04464973,1.214633,0.3151647,-0.1266493,-0.06060801,0.6169813,-0.7743518,,
1,1.622225,0.04327732,1.21138,0.3125475,-0.1482703,-0.05160187,0.6075436,-0.7786168,,
1,1.633336,0.04327732,1.21138,0.3125475,-0.1482703,-0.05160187,0.6075436,-0.7786168,,
1,1.644447,0.04380085,1.2072245,0.3079391,-0.1875592,-0.02506863,0.5841509,-0.7892787,,
1,1.655559,0.04362472,1.2049744,0.3051741,-0.1977078,-0.01091299,0.5684897,-0.7985061,,
1,1.66667,0.04310961,1.2027472,0.3027004,-0.207583,0.002066888,0.5522175,-0.8074409,,
1,1.677781,0.04366024,1.2016463,0.3001951,-0.210927,0.01625331,0.5329198,-0.8192936,,
1,1.688892,0.04366024,1.2016463,0.3001951,-0.210927,0.01625331,0.5329198,-0.8192936,,
1,1.700003,0.04543495,1.201123,0.2963135,-0.2286724,0.04561055,0.4981599,-0.8351439,,
1,1.711114,0.04543495,1.201123,0.2963135,-0.2286724,0.04561055,0.4981599,-0.8351439,,
1,1.722225,0.04972896,1.2033271,0.2941602,-0.2483353,0.07765206,0.4680141,-0.8445487,,
1,1.733337,0.05183557,1.2044951,0.2929884,-0.2562425,0.09289461,0.4512754,-0.8497416,,
1,1.744448,0.05445921,1.2064654,0.2917458,-0.2609451,0.1067179,0.4338145,-0.8557593,,
1,1.755559,0.05683243,1.2083481,0.2901594,-0.2617261,0.1190139,0.4154267,-0.8629923,,
1,1.76667,0.05683243,1.2083481,0.2901594,-0.2617261,0.1190139,0.4154267,-0.8629923,,
1,1.777781,0.06220029,1.212387,0.2870775,-0.2599402,0.1430968,0.3814147,-0.8754869,,
1,1.788892,0.06588292,1.214949,0.2857401,-0.2597522,0.154193,0.3660966,-0.8801856,,
1,1.800003,0.06998827,1.218023,0.2845873,-0.2611956,0.164817,0.3528807,-0.8832256,,
1,1.811115,0.07410671,1.221252,0.2838108,-0.2635969,0.1742787,0.341181,-0.8852904,,
1,1.822226,0.07832295,1.224805,0.282842,-0.2659354,0.1834784,0.3288464,-0.8873974,,
1,1.833337,0.07832295,1.224805,0.282842,-0.2659354,0.1834784,0.3288464,-0.8873974,,
1,1.844448,0.08306491,1.228505,0.2821991,-0.2670699,0.1906172,0.3183252,-0.8893862,,
1,1.855559,0.09231493,1.236145,0.2807231,-0.2602766,0.2015347,0.2942089,-0.8972631,,
1,1.86667,0.09695302,1.239861,0.2799517,-0.2559543,0.2063504,0.2828849,-0.9010455,,
1,1.877781,0.101896,1.243585,0.2791162,-0.2494918,0.2082749,0.2735343,-0.9052924,,
1,1.888893,0.101896,1.243585,0.2791162,-0.2494918,0.2082749,0.2735343,-0.9052924,,
1,1.900004,0.1077158,1.248468,0.278417,-0.2434765,0.2071172,0.2668779,-0.9091743,,
1,1.911115,0.1176518,1.256955,0.2771979,-0.2346129,0.2042593,0.2570763,-0.9149572,,
1,1.922226,0.1229657,1.261505,0.2767504,-0.2302588,0.2014641,0.2538496,-0.9175802,,
1,1.933337,0.1285884,1.266457,0.2763616,-0.2262413,0.1964339,0.2539086,-0.9196516,,
1,1.944448,0.1341646,1.27133,0.2759393,-0.2211578,0.1909923,0.2551456,-0.9216897,,
1,1.955559,0.1341646,1.27133,0.2759393,-0.2211578,0.1909923,0.2551456,-0.9216897,,
1,1.966671,0.139849,1.276085,0.2756164,-0.2145242,0.1852029,0.2555037,-0.9243361,,
1,1.977782,0.1511792,1.285672,0.2748389,-0.198236,0.1729317,0.2521196,-0.9312534,,
1,1.988893,0.1570476,1.290391,0.2744726,-0.1891064,0.1662187,0.2498398,-0.9349814,,
1,2.000004,0.1631946,1.295159,0.2739328,-0.1795646,0.1591272,0.2478424,-0.9386209,,
1,2.011115,0.1695858,1.3001,0.2733096,-0.1703626,0.1517578,0.2464282,-0.9419232,,
1,2.022226,0.1759933,1.304985,0.2726919,-0.1614959,0.1441903,0.2451749,-0.9449959,,
1,2.033337,0.1831134,1.310327,0.2717497,-0.1526043,0.1354299,0.2434593,-0.9482079,,
1,2.044448,0.1903739,1.315689,0.2706256,-0.1428194,0.126167,0.2406878,-0.9517111,,
1,2.055559,0.1976597,1.32068,0.2691246,-0.1316594,0.1161517,0.2374776,-0.9553947,,
1,2.06667,0.2060315,1.326421,0.2673129,-0.1182592,0.103354,0.2348249,-0.9592654,,
1,2.077781,0.2060315,1.326421,0.2673129,-0.1182592,0.103354,0.2348249,-0.9592654,,
1,2.088892,0.2198331,1.335569,0.2633501,-0.09254849,0.07785339,0.2343016,-0.9646121,,
1,2.100003,0.2284969,1.340695,0.2603104,-0.07619743,0.06151454,0.2369626,-0.9665706,,
1,2.111114,0.2284969,1.340695,0.2603104,-0.07619743,0.06151454,0.2369626,-0.9665706,,
1,2.122225,0.2439983,1.349345,0.254599,-0.04758448,0.03282528,0.2449485,-0.9678112,,
1,2.133336,0.2529445,1.35359,0.2503037,-0.02913552,0.01544999,0.2499195,-0.9677048,,
1,2.144447,0.2613306,1.357507,0.2467145,-0.01084698,-0.00148844,0.2530941,-0.9673797,,
1,2.155558,0.2706748,1.360543,0.2411666,0.0136089,-0.02321916,0.2569721,-0.9660441,,
1,2.166669,0.2706748,1.360543,0.2411666,0.0136089,-0.02321916,0.2569721,-0.9660441,,
1,2.17778,0.2863627,1.365552,0.2319813,0.05464251,-0.06134182,0.2655412,-0.9605932,,
1,2.188891,0.29447,1.36636,0.2257024,0.0785248,-0.08429965,0.2759287,-0.9542488,,
1,2.200002,0.3027942,1.367803,0.2200234,0.1002526,-0.1056369,0.2846662,-0.9474996,,
1,2.211113,0.3113415,1.368133,0.2130315,0.1246944,-0.1307939,0.2976526,-0.9374152,,
1,2.222224,0.3113415,1.368133,0.2130315,0.1246944,-0.1307939,0.2976526,-0.9374152,,
1,2.233335,0.3254383,1.367199,0.19984,0.1677472,-0.1775279,0.3213166,-0.9149319,,
1,2.244446,0.3254383,1.367199,0.19984,0.1677472,-0.1775279,0.3213166,-0.9149319,,
1,2.255557,0.3374155,1.363649,0.1857286,0.2119044,-0.2264847,0.3478986,-0.8847417,,
1,2.266668,0.341568,1.359712,0.17784,0.2353993,-0.2529749,0.366233,-0.8639816,,
1,2.277779,0.3460575,1.35671,0.1709864,0.2581997,-0.2775634,0.382676,-0.8425263,,
1,2.28889,0.3485277,1.351587,0.1641988,0.2821324,-0.3031183,0.4018218,-0.8167374,,
1,2.300001,0.3510335,1.34594,0.15756,0.3048408,-0.3281432,0.4203229,-0.7891279,,
1,2.311112,0.3521314,1.339883,0.1517034,0.3235818,-0.3517887,0.4365648,-0.7622013,,
1,2.322223,0.3534538,1.33305,0.1451602,0.3409966,-0.3794876,0.4481352,-0.7340881,,
1,2.333334,0.3534538,1.33305,0.1451602,0.3409966,-0.3794876,0.4481352,-0.7340881,,
1,2.344445,0.3545022,1.317613,0.1333307,0.3554998,-0.4273018,0.45362,-0.6966075,,
1,2.355556,0.3545022,1.317613,0.1333307,0.3554998,-0.4273018,0.45362,-0.6966075,,
1,2.366668,0.3548088,1.300813,0.120007,0.351888,-0.4660085,0.4589731,-0.6695929,,
1,2.377779,0.3549612,1.291609,0.1130946,0.3471253,-0.4833396,0.4641683,-0.6560753,,
1,2.38889,0.3529763,1.28169,0.1065546,-0.3345048,0.4981487,-0.4711137,0.6465341,,
1,2.400001,0.3506094,1.271719,0.1004515,-0.3213426,0.514742,-0.4792809,0.6340894,,
1,2.411112,0.3480369,1.261565,0.09502187,-0.3083931,0.5324103,-0.4861672,0.6205437,,
1,2.422223,0.343266,1.250985,0.09178708,-0.2889668,0.552434,-0.4893112,0.6098273,,
1,2.433334,0.3394299,1.240335,0.0880027,-0.2724773,0.5708445,-0.4918237,0.5983326,,
1,2.444445,0.3341676,1.229358,0.08538312,-0.2517503,0.5885269,-0.4933117,0.5889834,,
1,2.455556,0.3289028,1.218591,0.08308288,-0.2297319,0.6034881,-0.4966715,0.5799507,,
1,2.466667,0.3234077,1.2084224,0.08108111,-0.2072798,0.6164201,-0.5009081,0.5710976,,
1,2.477778,0.317414,1.1978227,0.07952899,-0.1815604,0.6256452,-0.5068676,0.5645256,,
1,2.488889,0.3109422,1.1888738,0.07896616,-0.1503545,0.6321451,-0.5112737,0.5624813,,
1,2.5,0.3049528,1.1795044,0.07878509,-0.1201042,0.6398191,-0.5126286,0.5598379,,
1,2.511111,0.2987898,1.1707699,0.07936229,-0.08580402,0.6437097,-0.5128222,0.5615058,,
1,2.522222,0.2917073,1.1617103,0.08025585,-0.04889283,0.6462629,-0.5139997,0.5619234,,
1,2.533333,0.2917073,1.1617103,0.08025585,-0.04889283,0.6462629,-0.5139997,0.5619234,,
1,2.544444,0.2788867,1.1488885,0.08494194,0.009599775,0.6395566,-0.5189922,0.5670292,,
1,2.555555,0.2706104,1.1430586,0.08910137,0.03540881,0.6338032,-0.5219656,0.5697294,,
1,2.566666,0.2706104,1.1430586,0.08910137,0.03540881,0.6338032,-0.5219656,0.5697294,,
1,2.577777,0.2547563,1.1343636,0.09838435,0.08083431,0.616303,-0.5243037,0.5820155,,
1,2.588888,0.2477354,1.1294974,0.1025125,0.105408,0.6069862,-0.5250922,0.5871416,,
1,2.599999,0.2403264,1.1281775,0.108248,0.1252025,0.5877789,-0.5260366,0.6017689,,
1,2.61111,0.233578,1.1257968,0.1136017,0.1455068,0.5709785,-0.5261753,0.6131483,,
1,2.622221,0.2268819,1.1250522,0.1200584,0.162349,0.550925,-0.5243651,0.6286222,,
1,2.633332,0.2206287,1.1252754,0.1276942,0.1770212,0.5270904,-0.5202335,0.6482257,,
1,2.644443,0.2206287,1.1252754,0.1276942,0.1770212,0.5270904,-0.5202335,0.6482257,,
1,2.655554,0.2090879,1.1266496,0.1421128,0.2001928,0.4860671,-0.5055739,0.6841466,,
1,2.666665,0.2035836,1.1287711,0.1505682,0.2088709,0.463522,-0.4935535,0.7056382,,
1,2.677776,0.1986366,1.1308301,0.1588181,0.2166517,0.4404269,-0.4828331,0.7252299,,
1,2.688887,0.1986366,1.1308301,0.1588181,0.2166517,0.4404269,-0.4828331,0.7252299,,
1,2.699998,0.190959,1.1385198,0.1769943,0.2214395,0.3917035,-0.4595315,0.7657439,,
1,2.711109,0.1878935,1.1436382,0.187013,0.2206082,0.3667894,-0.4481848,0.7848108,,
1,2.72222,0.1878935,1.1436382,0.187013,0.2206082,0.3667894,-0.4481848,0.7848108,,
1,2.733331,0.1827176,1.1548137,0.2067437,0.2175509,0.3244077,-0.4270536,0.8155099,,
1,2.744442,0.1806663,1.1635376,0.217781,0.2092805,0.3087105,-0.4208813,0.8268969,,
1,2.755553,0.1783713,1.171221,0.228582,0.2023824,0.2908195,-0.4134984,0.8387399,,
1,2.766664,0.1769251,1.1810801,0.2391343,0.1903427,0.2764294,-0.4114257,0.8473992,,
1,2.777775,0.1753557,1.1900264,0.2495613,0.1808063,0.2592344,-0.4067878,0.8571058,,
1,2.788886,0.1742287,1.200144,0.2597074,0.1681427,0.2433549,-0.404032,0.8656006,,
1,2.799997,0.1737638,1.210787,0.2695184,0.155812,0.2272761,-0.4006639,0.8738058,,
1,2.811108,0.1732559,1.223105,0.2802848,0.1415763,0.2099847,-0.3953686,0.8829191,,
1,2.822219,0.1732559,1.223105,0.2802848,0.1415763,0.2099847,-0.3953686,0.8829191,,
1,2.83333,0.1722229,1.245636,0.2983164,0.1161859,0.1811362,-0.3822635,0.8986462,,
1,2.844441,0.1722229,1.245636,0.2983164,0.1161859,0.1811362,-0.3822635,0.8986462,,
1,2.855552,0.1713272,1.270275,0.3154569,0.08845164,0.153944,-0.365327,0.9137909,,
1,2.866663,0.1713272,1.270275,0.3154569,0.08845164,0.153944,-0.365327,0.9137909,,
1,2.877774,0.170422,1.292932,0.3299958,0.06112213,0.129747,-0.3521668,0.9248829,,
1,2.888885,0.1698889,1.304708,0.3373269,0.04749888,0.1174595,-0.346281,0.9295356,,
1,2.899997,0.1695514,1.317035,0.3439996,0.03360268,0.1049472,-0.3416581,0.9333417,,
1,2.911108,0.1690381,1.329484,0.3501555,0.02043801,0.09299334,-0.3358934,0.9370754,,
1,2.922219,0.1684237,1.341668,0.3560309,0.008672075,0.08179736,-0.3293959,0.9406021,,
1,2.93333,0.1678357,1.353641,0.3613164,-0.002930524,0.0710956,-0.322074,0.9440367,,
1,2.944441,0.1669508,1.365411,0.3664524,-0.01485141,0.06030491,-0.3139609,0.9474024,,
1,2.955552,0.1661383,1.376723,0.3711585,0.02634729,-0.05029755,0.3056126,-0.9504614,,
1,2.966663,0.165141,1.38811,0.3762654,0.03820416,-0.04008662,0.296928,-0.9532928,,
1,2.977774,0.1639402,1.398807,0.3804087,0.04958625,-0.03063099,0.288552,-0.9556885,,
1,2.988885,0.1626668,1.409141,0.3844215,0.05992638,-0.0211464,0.2812041,-0.9575416,,
1,2.999996,0.1613712,1.419888,0.3886461,0.07018913,-0.01178641,0.2739119,-0.9591177,,
1,3.011107,0.1599132,1.429665,0.3919926,0.07968244,-0.00294023,0.2678559,-0.9601538,,
1,3.022218,0.1578098,1.439081,0.3955764,0.08943649,0.004987665,0.2609978,-0.9611745,,
1,3.033329,0.1556904,1.448427,0.3988191,0.09915563,0.01239043,0.2542131,-0.9619722,,
1,3.04444,0.153512,1.457613,0.4023855,0.1086191,0.01978434,0.2472191,-0.962649,,
1,3.055551,0.1513755,1.466021,0.4048461,0.117198,0.02728449,0.2407542,-0.9630979,,
1,3.066662,0.1488834,1.474699,0.4075772,-0.125586,-0.03634029,-0.2340395,0.9633966,,
1,3.077773,0.1488834,1.474699,0.4075772,-0.125586,-0.03634029,-0.2340395,0.9633966,,
1,3.088884,0.1451562,1.490271,0.411869,-0.1404989,-0.0534242,-0.2220799,0.9633725,,
1,3.099995,0.1429303,1.497874,0.4134176,-0.148377,-0.0615751,-0.216522,0.9629699,,
1,3.111106,0.1429303,1.497874,0.4134176,-0.148377,-0.0615751,-0.216522,0.9629699,,
1,3.122217,0.1380988,1.511338,0.4158556,-0.1635469,-0.07388662,-0.2087031,0.961372,,
1,3.133328,0.1352706,1.518264,0.4170825,-0.1722155,-0.07958747,-0.2056429,0.9600618,,
1,3.144439,0.1313681,1.523845,0.4177152,-0.1820108,-0.0841691,-0.2062368,0.9577338,,
1,3.15555,0.1282212,1.530025,0.4181832,-0.1908791,-0.09027949,-0.2061827,0.9554598,,
1,3.166661,0.1258361,1.535165,0.4184441,-0.199184,-0.09755744,-0.2084155,0.9525604,,
1,3.177772,0.1229248,1.540748,0.4178436,-0.2070334,-0.1052918,-0.2115682,0.9493628,,
1,3.188883,0.1204208,1.546102,0.4177585,-0.2145142,-0.11289,-0.2148547,0.946085,,
1,3.199994,0.1172566,1.55093,0.4166052,-0.2219913,-0.1200614,-0.2204207,0.9421889,,
1,3.211105,0.1139457,1.555658,0.4149645,-0.228726,-0.1270595,-0.2290997,0.9375786,,
1,3.222216,0.111027,1.560069,0.4140285,-0.2360912,-0.1341065,-0.2365997,0.9328971,,
1,3.233327,0.1076007,1.564572,0.4121234,-0.2440221,-0.1414216,-0.2466385,0.9271584,,
1,3.244438,0.1044012,1.568385,0.4108267,-0.2519572,-0.149028,-0.2572763,0.9209328,,
1,3.255549,0.1005845,1.572562,0.4085351,-0.2609622,-0.157069,-0.2691435,0.9136683,,
1,3.26666,0.1005845,1.572562,0.4085351,-0.2609622,-0.157069,-0.2691435,0.9136683,,
1,3.277771,0.09411413,1.578993,0.4046296,-0.2771837,-0.1700538,-0.2908791,0.8998001,,
1,3.288882,0.09085254,1.581511,0.4024607,-0.2849508,-0.175842,-0.3025524,0.8923814,,
1,3.299993,0.08664178,1.584563,0.3999669,-0.2940833,-0.1822693,-0.3162838,0.8833218,,
1,3.311104,0.08664178,1.584563,0.3999669,-0.2940833,-0.1822693,-0.3162838,0.8833218,,
1,3.322215,0.07917559,1.589384,0.3952956,-0.3082178,-0.1946185,-0.3415964,0.8662778,,
1,3.333326,0.07488407,1.591633,0.3927785,-0.3153902,-0.2012433,-0.3547174,0.856858,,
1,3.344437,0.07108919,1.59362,0.3902614,-0.3213609,-0.2088093,-0.3681215,0.8471202,,
1,3.355548,0.06721281,1.595516,0.3876135,-0.3261623,-0.2174233,-0.3809495,0.8373904,,
1,3.366659,0.06310139,1.59747,0.3852131,-0.3310274,-0.2252581,-0.3929157,0.8278266,,
1,3.37777,0.05918639,1.599271,0.3825125,-0.3352748,-0.2347219,-0.4051461,0.8175287,,
1,3.388881,0.05495168,1.600586,0.3802473,-0.3418139,-0.2438158,-0.4172546,0.8059874,,
1,3.399992,0.05007011,1.601589,0.3779963,-0.3504074,-0.2509845,-0.4287942,0.7939503,,
1,3.411103,0.04481348,1.60261,0.3755014,-0.3587529,-0.2576498,-0.4401334,0.78179,,
1,3.422215,0.03907472,1.603341,0.3729756,-0.3671438,-0.2620559,-0.4508411,0.7702431,,
1,3.433326,0.03374816,1.603978,0.369854,-0.374244,-0.2660335,-0.4610595,0.7593364,,
1,3.444437,0.02821328,1.604239,0.3663346,-0.3779686,-0.2699825,-0.4707145,0.7501181,,
1,3.455548,0.02306706,1.604899,0.3631173,-0.3808985,-0.2755589,-0.4801397,0.7405737,,
1,3.466659,0.01817689,1.604741,0.3593542,-0.3812014,-0.2822945,-0.4882809,0.7325143,,
1,3.47777,0.01329162,1.604985,0.3558514,-0.3815374,-0.2886083,-0.4950674,0.7252882,,
1,3.488881,0.008369155,1.604128,0.3519544,-0.3780648,-0.2991833,-0.499501,0.7197605,,
1,3.499992,0.008369155,1.604128,0.3519544,-0.3780648,-0.2991833,-0.499501,0.7197605,,
1,3.511103,-0.00040292,1.602012,0.3457673,-0.3754749,-0.3144875,-0.503763,0.711575,,
1,3.522214,-0.004852381,1.6001,0.3425893,-0.3741766,-0.3228596,-0.502929,0.7090952,,
1,3.533325,-0.009250872,1.598053,0.3397209,-0.3727198,-0.3305626,-0.4994316,0.7087852,,
1,3.544436,-0.01369623,1.595719,0.3367181,-0.3709611,-0.3388048,-0.4955713,0.7085254,,
1,3.555547,-0.01707373,1.592913,0.3342035,-0.3677807,-0.3478974,-0.4855884,0.712677,,
1,3.566658,-0.01980674,1.589184,0.3315095,-0.3624709,-0.3597823,-0.4712208,0.7191124,,
1,3.577769,-0.01980674,1.589184,0.3315095,-0.3624709,-0.3597823,-0.4712208,0.7191124,,
1,3.58888,-0.02331421,1.581955,0.3279902,-0.3485876,-0.3831455,-0.4414786,0.7326547,,
1,3.599991,-0.02548413,1.577852,0.3264221,-0.3422964,-0.393392,-0.4278045,0.7382813,,
1,3.611102,-0.02763395,1.57273,0.3247589,-0.3349335,-0.4025461,-0.4123732,0.7454693,,
1,3.622213,-0.02971669,1.566768,0.3231176,-0.3265371,-0.411401,-0.3975996,0.7523545,,
1,3.633324,-0.03100796,1.560767,0.3219852,-0.3160712,-0.4219776,-0.3830791,0.7584751,,
1,3.644435,-0.03173195,1.555003,0.3208081,-0.3045078,-0.4337405,-0.3676844,0.7641678,,
1,3.655546,-0.03124981,1.548599,0.3204637,-0.2903291,-0.4462374,-0.3493086,0.7710803,,
1,3.666657,-0.03017908,1.541829,0.3198439,-0.2772338,-0.4557475,-0.3272346,0.7799701,,
1,3.677768,-0.02910352,1.534829,0.3193355,-0.2659625,-0.461979,-0.3041215,0.7895249,,
1,3.688879,-0.02769698,1.527332,0.3189107,-0.2548999,-0.4673873,-0.2812744,0.7984108,,
1,3.69999,-0.02618127,1.519888,0.3187236,-0.2429835,-0.4737302,-0.2590011,0.8058891,,
1,3.711101,-0.02380142,1.511724,0.318859,-0.2312552,-0.4790138,-0.2368985,0.8129858,,
1,3.722212,-0.021222,1.503701,0.3189024,-0.2199593,-0.4835195,-0.2149556,0.8195248,,
1,3.733323,-0.0178805,1.49424,0.3192825,-0.2082642,-0.4871019,-0.192373,0.826045,,
1,3.744434,-0.01351888,1.486207,0.319919,-0.1961761,-0.4881864,-0.1752654,0.8321485,,
1,3.755545,-0.009873271,1.477643,0.3198513,-0.1834765,-0.4893333,-0.1561587,0.838155,,
1,3.766656,-0.005653203,1.469169,0.3200133,-0.1702531,-0.4877851,-0.1391865,0.8448117,,
1,3.777767,-0.000773475,1.460972,0.3200539,-0.1560962,-0.4861404,-0.1215835,0.8511868,,
1,3.788878,0.005527988,1.45356,0.3205228,-0.1403337,-0.4836212,-0.1034332,0.8577404,,
1,3.799989,0.01279557,1.44651,0.3208715,-0.1257417,-0.4803534,-0.08300947,0.8640364,,
1,3.8111,0.02057438,1.439717,0.3220309,-0.1143093,-0.4771432,-0.06117918,0.8692093,,
1,3.822211,0.02923028,1.433345,0.3231902,-0.106288,-0.4731461,-0.03976443,0.8736442,,
1,3.833322,0.03794605,1.426631,0.3242187,-0.1005535,-0.4679928,-0.02050327,0.8777536,,
1,3.844433,0.04654002,1.420499,0.3253963,-0.09383204,-0.4624149,-0.002715897,0.8816805,,
1,3.855544,0.05659126,1.415158,0.3261892,-0.08841194,-0.454589,0.00946822,0.886252,,
1,3.866655,0.06621215,1.410306,0.3268071,-0.07947074,-0.4471869,0.02244817,0.8906202,,
1,3.877766,0.07660915,1.405967,0.3272875,-0.06852175,-0.4382362,0.03411143,0.8955948,,
1,3.888877,0.0893485,1.404046,0.3273645,-0.05443682,-0.4255792,0.0418749,0.9023112,,
1,3.899988,0.0893485,1.404046,0.3273645,-0.05443682,-0.4255792,0.0418749,0.9023112,,
1,3.911099,0.1001956,1.40188,0.3273972,-0.04476802,-0.4146155,0.05002148,0.9075174,,
1,3.92221,0.1218115,1.400638,0.3269596,-0.03419707,-0.3877045,0.06391283,0.9189292,,
1,3.933321,0.1218115,1.400638,0.3269596,-0.03419707,-0.3877045,0.06391283,0.9189292,,
1,3.944432,0.1433907,1.402449,0.3258805,0.03083214,0.359174,-0.08034486,-0.9292945,,
1,3.955544,0.1544962,1.403059,0.3256636,0.02956723,0.3446699,-0.08852524,-0.9340727,,
1,3.966655,0.1659674,1.405827,0.3249076,0.03092451,0.3310454,-0.09509308,-0.9383016,,
1,3.977766,0.1766641,1.408974,0.3238156,0.03401593,0.3169459,-0.1014446,-0.9423891,,
1,3.988877,0.1874136,1.412487,0.3225707,-0.03589067,-0.3020823,0.1074938,0.9465216,,
1,3.999988,0.1972845,1.417391,0.3207144,-0.03865083,-0.2862392,0.1113797,0.9508774,,
1,4.011099,0.2073718,1.422379,0.318365,-0.04276942,-0.2693799,0.1138571,0.9553229,,
1,4.02221,0.2168141,1.427853,0.3157661,-0.04844891,-0.2528125,0.1149303,0.9594423,,
1,4.033321,0.2258922,1.433325,0.3132782,-0.05406462,-0.2360979,0.1156681,0.9633045,,
1,4.044433,0.2343068,1.439535,0.3098717,-0.06139885,-0.2193572,0.1132873,0.9670981,,
1,4.055544,0.2420709,1.446435,0.3063572,-0.07012789,-0.2019974,0.1106379,0.9705867,,
1,4.066655,0.2495976,1.453496,0.3023078,-0.07942786,-0.1856716,0.1086513,0.9733509,,
1,4.077766,0.2568372,1.460556,0.2984744,-0.0888709,-0.1692389,0.1074325,0.9756631,,
1,4.088878,0.2635914,1.468642,0.2937832,-0.09931342,-0.1536552,0.1064089,0.9773455,,
1,4.099989,0.2700882,1.476768,0.2887498,-0.1108654,-0.1392068,0.1053582,0.9783813,,
1,4.1111,0.2757918,1.484866,0.2833161,-0.1238029,-0.1255982,0.1036361,0.9788553,,
1,4.122211,0.2813357,1.493153,0.277127,-0.1377534,-0.1120636,0.1011245,0.9788971,,
1,4.133323,0.2865865,1.501255,0.2711792,-0.1518078,-0.09876442,0.09870122,0.9784979,,
1,4.144434,0.2908056,1.509728,0.2644445,-0.1672063,-0.08608511,0.096172,0.9774366,,
1,4.155545,0.2946304,1.51772,0.2574604,-0.1830259,-0.07502112,0.09388671,0.9757349,,
1,4.166656,0.2980732,1.525044,0.2503363,-0.2004887,-0.06484696,0.09238417,0.9731723,,
1,4.177768,0.301551,1.532752,0.2434543,-0.2172049,-0.0541371,0.09042011,0.9704202,,
1,4.188879,0.3045251,1.539703,0.2358919,-0.2336125,-0.04548515,0.08799461,0.9672711,,
1,4.19999,0.3069737,1.546789,0.22856,-0.2494129,-0.03766137,0.08597209,0.963838,,
1,4.211102,0.3094005,1.553672,0.2207856,-0.2642681,-0.03010666,0.08477098,0.9602447,,
1,4.222213,0.3112646,1.559963,0.2134753,-0.2774346,-0.02317762,0.08506092,0.956691,,
1,4.233324,0.3129584,1.566889,0.2060973,-0.2905194,-0.01632007,0.08551312,0.9529007,,
1,4.244435,0.3140001,1.572376,0.1990755,-0.3018274,-0.01214277,0.0880922,0.9492062,,
1,4.255547,0.3153271,1.57849,0.1916719,-0.3145225,-0.006840929,0.08978633,0.9449694,,
1,4.266658,0.3162464,1.583447,0.1851518,-0.3253599,-0.003909916,0.09346534,0.9409516,,
1,4.277769,0.3172802,1.588769,0.1780332,-0.3365047,-0.000289429,0.09724823,0.9366468,,
1,4.28888,0.3179171,1.593343,0.1713289,-0.3452042,0.00180167,0.1023086,0.9329329,,
1,4.299992,0.3180749,1.597826,0.1644335,-0.3534869,0.005379502,0.1081959,0.9291456,,
1,4.311103,0.317964,1.601845,0.1573827,-0.3614765,0.01033156,0.1139317,0.9253365,,
1,4.322214,0.3176142,1.605272,0.1511642,-0.3680225,0.01551655,0.1192652,0.9220057,,
1,4.333325,0.3170669,1.608402,0.1446177,-0.3744396,0.02061014,0.1244447,0.9186314,,
1,4.344437,0.3167263,1.611317,0.1380101,-0.3803726,0.02527842,0.1291736,0.915419,,
1,4.355548,0.3164817,1.614329,0.1318154,-0.3865519,0.02962173,0.1333614,0.9120936,,
1,4.366659,0.3164116,1.616459,0.1257039,-0.3930987,0.03345118,0.1373474,0.908565,,
1,4.37777,0.3160831,1.618483,0.1200101,-0.399791,0.03734122,0.1409285,0.9049376,,
1,4.388882,0.3157752,1.620471,0.1141238,-0.4070452,0.04184169,0.1450577,0.9008451,,
1,4.399993,0.3154479,1.621895,0.108631,-0.4147001,0.04624,0.1488769,0.8965051,,
1,4.411104,0.3150836,1.62312,0.1032504,-0.4218923,0.05025566,0.1519548,0.8924074,,
1,4.422215,0.3149464,1.624469,0.09770299,-0.4281103,0.05392579,0.1544727,0.8887923,,
1,4.433327,0.3146938,1.625771,0.0922214,-0.4336848,0.05795468,0.1571331,0.8853632,,
1,4.444438,0.3146123,1.627102,0.0863523,-0.4389921,0.06281555,0.1602527,0.8818499,,
1,4.455549,0.3144291,1.628046,0.08138587,-0.4438891,0.06757054,0.1636458,0.8784171,,
1,4.46666,0.3146043,1.628842,0.07622992,-0.4491596,0.07260545,0.1668521,0.8747255,,
1,4.477772,0.3144932,1.629627,0.07094324,-0.4544252,0.07764482,0.1696051,0.8710357,,
1,4.488883,0.314395,1.630082,0.06607475,-0.4592924,0.08258888,0.1711141,0.8677266,,
1,4.499994,0.3144874,1.630369,0.0609565,-0.4649152,0.08758296,0.1721101,0.8640377,,
1,4.511106,0.3146768,1.630336,0.0568074,-0.470721,0.09155286,0.1724446,0.8604084,,
1,4.522217,0.3149217,1.63004,0.05264339,-0.477715,0.09560067,0.1724534,0.8561008,,
1,4.533328,0.3151321,1.629656,0.04884169,0.4845679,-0.09944629,-0.1717965,-0.8519333,,
1,4.544439,0.3155507,1.628419,0.04464935,0.4933813,-0.1032855,-0.1679322,-0.8471752,,
1,4.555551,0.3155507,1.628419,0.04464935,0.4933813,-0.1032855,-0.1679322,-0.8471752,,
1,4.566662,0.316277,1.626237,0.03899851,0.5045601,-0.1076624,-0.157823,-0.8419738,,
1,4.577773,0.3168298,1.624695,0.03609347,0.5112334,-0.1096472,-0.1507915,-0.8389755,,
1,4.588884,0.3174221,1.62152,0.03440668,0.5208303,-0.1124308,-0.1392844,-0.8346825,,
1,4.599996,0.3178632,1.619588,0.03245363,0.5278028,-0.1152659,-0.1320453,-0.8310849,,
1,4.611107,0.318207,1.615061,0.03254017,0.5368291,-0.1198942,-0.115871,-0.8270513,,
1,4.622218,0.3181844,1.611066,0.03251918,0.5446475,-0.1230219,-0.09957774,-0.8235952,,
1,4.633329,0.3177868,1.606788,0.03375898,0.5521278,-0.1248063,-0.07597647,-0.8208568,,
1,4.644441,0.3173589,1.601803,0.03608309,0.5583748,-0.1247066,-0.04691472,-0.8188191,,
1,4.655552,0.3166071,1.597012,0.03977291,0.564889,-0.1236737,-0.01514341,-0.8157057,,
1,4.666663,0.3162257,1.591819,0.04441001,0.5713089,-0.122681,0.01362595,-0.8113999,,
1,4.677774,0.3152431,1.587269,0.04925159,0.5774559,-0.122055,0.04312629,-0.806094,,
1,4.688886,0.3141848,1.582696,0.05589581,0.5826005,-0.1217729,0.06991297,-0.8005374,,
1,4.699997,0.3124233,1.578255,0.06496994,0.5892109,-0.1238119,0.09678333,-0.7925491,,
1,4.711108,0.310776,1.574525,0.07139714,0.5940292,-0.1248528,0.1207652,-0.785466,,
1,4.722219,0.3080994,1.570662,0.08132035,0.5989215,-0.1258194,0.1491506,-0.7766702,,
1,4.733331,0.3048193,1.567629,0.09075612,0.6019882,-0.1230617,0.1758639,-0.769115,,
1,4.744442,0.3008071,1.56458,0.1014112,0.6046978,-0.1172048,0.2075766,-0.7599444,,
1,4.755553,0.2967118,1.561395,0.1119735,0.6064849,-0.1120611,0.2396329,-0.7497963,,
1,4.766665,0.2904935,1.558423,0.1234817,0.6066626,-0.1077232,0.273977,-0.7384394,,
1,4.777776,0.2825666,1.556101,0.1357062,0.60167,-0.1049496,0.3083955,-0.7292949,,
1,4.788887,0.2754354,1.553478,0.1473475,0.5951977,-0.1013531,0.3406705,-0.7207017,,
1,4.799998,0.2673323,1.550691,0.1575955,0.5829937,-0.09680483,0.3676242,-0.7180525,,
1,4.81111,0.259056,1.547321,0.1681588,0.5673833,-0.0912233,0.3910987,-0.7188854,,
1,4.822221,0.2506472,1.543208,0.178584,0.5505614,-0.08559808,0.4123709,-0.7207671,,
1,4.833332,0.2436696,1.53853,0.1875554,0.5290004,-0.07790573,0.4233163,-0.7313635,,
1,4.844443,0.2364856,1.533116,0.1961187,0.506794,-0.06935951,0.4324335,-0.7425297,,
1,4.855555,0.2306369,1.526256,0.2027975,0.4796308,-0.05907305,0.4248558,-0.7654817,,
1,4.866666,0.224877,1.519616,0.2100049,0.4538342,-0.04851158,0.4206249,-0.7840636,,
1,4.877777,0.2221139,1.510101,0.2137431,0.4275879,-0.03336386,0.4018539,-0.8090543,,
1,4.888888,0.2178676,1.499823,0.2188454,0.4033254,-0.02307147,0.38222,-0.831086,,
1,4.9,0.2144259,1.492578,0.2229844,0.3843578,-0.01632093,0.3684824,-0.8462999,,
1,4.911111,0.2132521,1.480874,0.2220898,0.3675211,-0.01491316,0.3342824,-0.8677334,,
1,4.922222,0.2132126,1.470595,0.2205318,0.3484166,-0.008633934,0.3062496,-0.8858569,,
1,4.933333,0.2135405,1.460248,0.2193086,0.3277091,-0.000653818,0.281981,-0.9017166,,
1,4.944445,0.2168235,1.449845,0.2144436,0.3054149,0.007593788,0.2587228,-0.916366,,
1,4.955556,0.220189,1.441134,0.2096963,0.2891828,0.01040054,0.2451615,-0.9252897,,
1,4.966667,0.2234723,1.432187,0.2048018,0.2720728,0.01176796,0.2342546,-0.9332539,,
1,4.977778,0.2296868,1.423281,0.1976205,0.2571414,0.01193983,0.225794,-0.9395493,,
1,4.98889,0.2350833,1.414468,0.1922178,0.2456107,0.01103639,0.2170233,-0.944698,,
1,5.000001,0.2439641,1.405539,0.1838663,0.2370903,0.003255565,0.2060784,-0.9493731,,
1,5.011112,0.2520654,1.398403,0.1759387,0.2340411,-0.01240952,0.1945396,-0.9524836,,
1,5.022223,0.2579351,1.390668,0.1687021,0.2290377,-0.0291522,0.1811447,-0.9559699,,
1,5.033335,0.2660893,1.382181,0.1606683,0.230369,-0.05464919,0.1726814,-0.9560987,,
1,5.044446,0.274491,1.374641,0.1517097,0.2335191,-0.08126384,0.1721051,-0.9535434,,
1,5.055557,0.2839604,1.365483,0.1418899,0.2375446,-0.1102719,0.1795296,-0.948252,,
1,5.066669,0.2911273,1.358376,0.1339447,0.242173,-0.1348302,0.1888684,-0.942073,,
1,5.07778,0.2987291,1.350224,0.1248598,0.2498233,-0.1666175,0.2042357,-0.9317267,,
1,5.088891,0.3064336,1.341556,0.1146681,0.2583056,-0.2032629,0.2213862,-0.9181233,,
1,5.100002,0.3119041,1.334418,0.1054448,0.266464,-0.2376864,0.2373186,-0.9034279,,
1,5.111114,0.3177819,1.326711,0.09605391,0.2756577,-0.2736832,0.2542687,-0.8856962,,
1,5.122225,0.3227276,1.318318,0.0867686,0.2856067,-0.3081226,0.2720503,-0.865724,,
1,5.133336,0.3272907,1.309795,0.07758237,0.2987342,-0.3395588,0.2942827,-0.8419355,,
1,5.144447,0.3299704,1.300389,0.06848833,0.3135465,-0.3672858,0.3180423,-0.8158669,,
1,5.155559,0.3334134,1.290693,0.05953732,0.329267,-0.3942774,0.3395632,-0.7879248,,
1,5.16667,0.3337941,1.280802,0.05299038,0.3446734,-0.4213626,0.3543099,-0.7603409,,
1,5.177781,0.3357576,1.271217,0.04652521,0.3583539,-0.4502998,0.3675238,-0.7305743,,
1,5.188892,0.3364261,1.261668,0.04040848,0.3687169,-0.4769416,0.379956,-0.7015755,,
1,5.200004,0.3355285,1.251531,0.03546546,0.3741188,-0.500477,0.3926777,-0.6748053,,
1,5.211115,0.3361486,1.242095,0.02899804,0.3768525,-0.5229706,0.4048525,-0.6485202,,
1,5.222226,0.3346531,1.231264,0.02380673,0.3744478,-0.5406824,0.4196225,-0.6255943,,
1,5.233337,0.3342929,1.221586,0.01887226,-0.3725423,0.552737,-0.4349618,0.6053944,,
1,5.244449,0.3317621,1.210755,0.01618663,-0.3711309,0.5680773,-0.4474529,0.5825254,,
1,5.25556,0.3295506,1.200355,0.01483062,-0.3688418,0.591276,-0.4519328,0.5568709,,
1,5.266671,0.326806,1.1892171,0.01510627,-0.3640364,0.6194714,-0.4470872,0.5327717,,
1,5.277782,0.3217279,1.1769786,0.01812115,-0.3520812,0.6495646,-0.4345831,0.5150169,,
1,5.288894,0.3190978,1.1672967,0.01768208,-0.3437183,0.6617367,-0.4397961,0.5005413,,
1,5.300005,0.3141802,1.1570205,0.01711198,-0.331272,0.6646897,-0.4555345,0.490851,,
1,5.311116,0.309129,1.1475162,0.01651761,-0.3124147,0.6662563,-0.473928,0.4836236,,
1,5.322227,0.3058136,1.138557,0.01682789,-0.2900011,0.6728626,-0.4878155,0.4745434,,
1,5.333339,0.300475,1.1311392,0.0190304,-0.2649461,0.6801672,-0.5012781,0.4646466,,
1,5.34445,0.2952326,1.1238472,0.02177128,-0.2416604,0.6879551,-0.5138019,0.4520238,,
1,5.355561,0.289221,1.1181832,0.02626849,-0.2213967,0.6940082,-0.5258739,0.4390819,,
1,5.366673,0.2836037,1.1107931,0.03087666,-0.2025458,0.7001419,-0.5372475,0.4244309,,
1,5.377784,0.2774922,1.1065067,0.03678316,-0.1890534,0.7011904,-0.5500521,0.4123513,,
1,5.388895,0.2721614,1.1019612,0.04233404,-0.1774978,0.6977051,-0.5685535,0.3980568,,
1,5.400006,0.2673406,1.0986279,0.04695531,-0.1646251,0.6920308,-0.5886046,0.384105,,
1,5.411118,0.2621237,1.0962296,0.05240151,-0.149883,0.6866761,-0.6045797,0.3748258,,
1,5.422229,0.256937,1.093463,0.05828147,-0.1332828,0.6817393,-0.6191084,0.3662949,,
1,5.43334,0.2523383,1.0915935,0.06489174,-0.1123227,0.6784412,-0.6268725,0.3662405,,
1,5.444451,0.2474425,1.0904298,0.07216202,-0.08654186,0.6762249,-0.6267222,0.3774249,,
1,5.455563,0.2425004,1.0900684,0.07961548,-0.05930397,0.6711941,-0.6256894,0.3930575,,
1,5.466674,0.2387507,1.0909038,0.08687235,-0.03403789,0.6594827,-0.6302935,0.4082327,,
1,5.477785,0.2362374,1.0927665,0.09168547,-0.02480403,0.6445376,-0.6402328,0.4172025,,
1,5.488896,0.2331445,1.0947362,0.09818134,-0.01354545,0.630959,-0.6477811,0.4267165,,
1,5.500008,0.2305306,1.0981779,0.1044564,-0.000817001,0.619741,-0.6505775,0.4389411,,
1,5.511119,0.2295619,1.1047727,0.1118732,0.01327828,0.6121438,-0.6432782,0.4596703,,
1,5.52223,0.2289985,1.1098343,0.1170941,0.02448663,0.603129,-0.6401262,0.4752623,,
1,5.533341,0.2305923,1.1167597,0.1219583,0.03553018,0.5886147,-0.6393951,0.4934007,,
1,5.544453,0.2336,1.1243593,0.1253642,0.04600096,0.5704932,-0.6401151,0.5125173,,
1,5.555564,0.237738,1.1335311,0.1281846,0.05785748,0.5509579,-0.6395032,0.5330418,,
1,5.566675,0.2423543,1.1430899,0.1308445,0.06460263,0.533336,-0.639827,0.5495459,,
1,5.577786,0.24639,1.1530028,0.133837,0.06865615,0.5179847,-0.638634,0.5649114,,
1,5.588898,0.251203,1.164951,0.1362954,0.06860904,0.5067651,-0.634945,0.5790741,,
1,5.600009,0.2563933,1.1784176,0.1386507,0.07144308,0.4972358,-0.6276702,0.5947123,,
1,5.61112,0.2617606,1.1926819,0.1406218,0.07641473,0.4898992,-0.6156316,0.6125009,,
1,5.622231,0.2669292,1.2071471,0.141993,0.08175437,0.4807812,-0.6022691,0.6320107,,
1,5.633343,0.2731115,1.223367,0.1423628,0.08721906,0.470413,-0.586063,0.6539378,,
1,5.644454,0.2784004,1.240006,0.1416722,0.09048264,0.457749,-0.568167,0.6778384,,
1,5.655565,0.2840638,1.257157,0.1402383,0.09018648,0.4422764,-0.5537401,0.6997356,,
1,5.666677,0.2889298,1.27435,0.1389857,0.08890067,0.4275796,-0.5405053,0.719115,,
1,5.677788,0.2936886,1.292636,0.136986,0.08546576,0.4139022,-0.5284384,0.7362971,,
1,5.688899,0.2975042,1.311974,0.1346934,0.08215904,0.40293,-0.5148081,0.7522433,,
1,5.70001,0.3001788,1.331959,0.1323642,0.07996418,0.3939357,-0.4955733,0.769953,,
1,5.711122,0.3034976,1.351644,0.1296636,0.07948747,0.38389,-0.4737825,0.7885686,,
1,5.722233,0.3050405,1.371745,0.1266865,0.07899994,0.3749803,-0.4454582,0.809145,,
1,5.733344,0.3065088,1.391927,0.123077,0.07654788,0.3651539,-0.4182284,0.8281837,,
1,5.744455,0.3070396,1.411925,0.1194006,0.07088782,0.3565059,-0.3922638,0.8449897,,
1,5.755567,0.3064453,1.431534,0.116238,0.06243668,0.3483193,-0.3681529,0.85979,,
1,5.766678,0.3052969,1.451627,0.1122789,0.05340909,0.3410238,-0.3431101,0.8735706,,
1,5.777789,0.3031118,1.472698,0.1085725,0.04301275,0.3336222,-0.3137971,0.8879063,,
1,5.7889,0.3028052,1.489994,0.1055878,0.03570088,0.3265166,-0.2910604,0.8985523,,
1,5.800012,0.2990853,1.508785,0.1017695,0.02105346,0.3205543,-0.2774086,0.9054536,,
1,5.811123,0.2960495,1.52649,0.09878767,0.004906446,0.3156768,-0.2547802,0.9140083,,
1,5.822234,0.2936039,1.542079,0.09520803,-0.00678876,0.3087651,-0.2390498,0.9205831,,
1,5.833345,0.2902415,1.558225,0.09161882,-0.02230781,0.3020277,-0.2214359,0.9269563,,
1,5.844457,0.2870313,1.573513,0.08890347,-0.03904037,0.2961704,-0.203296,0.9324321,,
1,5.855568,0.2831338,1.586479,0.08643232,-0.05841215,0.291651,-0.1925222,0.9351272,,
1,5.866679,0.2797106,1.599341,0.08368096,0.07834525,-0.2855785,0.1803211,-0.9379718,,
1,5.87779,0.2762804,1.611698,0.081605,0.09735387,-0.2796469,0.1673866,-0.9403731,,
1,5.888902,0.273505,1.622899,0.07972975,0.1163113,-0.2748293,0.1557075,-0.9416453,,
1,5.900013,0.2699309,1.633474,0.07819748,0.1337979,-0.2715704,0.1421604,-0.9424108,,
1,5.911124,0.2673545,1.644013,0.07665625,0.1504323,-0.2680174,0.1300359,-0.9426704,,
1,5.922235,0.2643454,1.652866,0.07534085,0.1666702,-0.2656829,0.1196468,-0.9419757,,
1,5.933347,0.2617612,1.660745,0.07434964,0.1837288,-0.2640889,0.1093839,-0.9404978,,
1,5.944458,0.2588003,1.667776,0.07356593,0.2024408,-0.2622544,0.09959026,-0.9382549,,
1,5.955569,0.2562684,1.674032,0.07270166,0.2219834,-0.2602684,0.08896531,-0.9354511,,
1,5.966681,0.254258,1.679729,0.0722001,0.2382078,-0.2582033,0.07910934,-0.9329147,,
1,5.977792,0.2521953,1.684123,0.07156375,0.2546914,-0.2572257,0.06735915,-0.9297473,,
1,5.988903,0.2502549,1.68797,0.0714819,0.2706226,-0.2562356,0.0568539,-0.9262151,,
1,6.000014,0.2484751,1.691983,0.07091388,0.2854916,-0.2546694,0.04880667,-0.9226353,,
1,6.011126,0.2467898,1.694673,0.07084462,0.2988458,-0.2527085,0.04455665,-0.9191541,,
1,6.022237,0.2454146,1.697086,0.07022087,0.3106231,-0.2494818,0.04319953,-0.916191,,
1,6.033348,0.2440989,1.698916,0.06988828,0.3213453,-0.2453142,0.04333959,-0.9136081,,
1,6.044459,0.2432007,1.700392,0.06934971,0.3323314,-0.2394051,0.04656811,-0.9110831,,
1,6.055571,0.2426507,1.70055,0.06878167,0.3416293,-0.2323087,0.0540732,-0.9090645,,
1,6.066682,0.2421181,1.700784,0.06843126,0.352409,-0.2247425,0.06143679,-0.9063797,,
1,6.077793,0.2424769,1.699666,0.06792118,0.3633923,-0.2159586,0.07318871,-0.9033003,,
1,6.088904,0.2426387,1.698027,0.06796594,0.3762005,-0.2105203,0.07909682,-0.8988315,,
1,6.100016,0.2430908,1.694131,0.06880771,0.3922278,-0.2093414,0.08167105,-0.8919996,,
1,6.111127,0.242951,1.689371,0.07052694,0.4080155,-0.2101055,0.08474677,-0.8844191,,
1,6.122238,0.2440864,1.683839,0.07194836,0.4225366,-0.2104177,0.09107502,-0.8768652,,
1,6.133349,0.2456779,1.67808,0.07314909,0.4355145,-0.208499,0.1011431,-0.8698422,,
1,6.144461,0.2476806,1.672194,0.0742165,0.4472134,-0.2045562,0.1123384,-0.8634449,,
1,6.155572,0.2508031,1.665812,0.07467666,0.456184,-0.1961958,0.1289479,-0.8583565,,
1,6.166683,0.2549017,1.658515,0.07519294,0.4649912,-0.1825812,0.1506181,-0.8530893,,
1,6.177794,0.2594521,1.650656,0.07593709,0.474481,-0.1655531,0.178651,-0.8458982,,
1,6.188906,0.2630461,1.641893,0.07768945,0.4848399,-0.149324,0.2125686,-0.8351331,,
1,6.200017,0.2660705,1.631571,0.08096927,0.497559,-0.1360108,0.2558598,-0.8176013,,
1,6.211128,0.2660705,1.631571,0.08096927,0.497559,-0.1360108,0.2558598,-0.8176013,,
1,6.222239,0.2692316,1.614368,0.08893307,0.5201671,-0.1204449,0.3365927,-0.7756446,,
1,6.233351,0.2694427,1.604257,0.09591101,0.5332238,-0.1157856,0.3835451,-0.7450901,,
1,6.244462,0.2684566,1.594984,0.1036335,0.5452259,-0.1131273,0.4260787,-0.7130133,,
1,6.255573,0.2649281,1.585954,0.1147955,-0.5560204,0.120081,-0.4657147,0.6778878,,
1,6.266685,0.2631055,1.576861,0.1236392,-0.5602294,0.12294,-0.498525,0.6500012,,
1,6.277796,0.2594501,1.567353,0.1339798,-0.555628,0.1302205,-0.5211164,0.6346321,,
1,6.288907,0.2575586,1.558363,0.1420327,-0.5459371,0.1333468,-0.5425032,0.6243888,,
1,6.300018,0.254201,1.548463,0.1497229,-0.5212029,0.130706,-0.5590925,0.6314104,,
1,6.31113,0.2502269,1.539306,0.1559372,-0.4879821,0.1213817,-0.5815738,0.6394622,,
1,6.322241,0.2454008,1.530991,0.1611699,-0.4479463,0.1078582,-0.6075409,0.6469967,,
1,6.333352,0.2400653,1.523401,0.1660811,-0.4058012,0.09595616,-0.6330647,0.6521862,,
1,6.344463,0.2367631,1.516426,0.1711156,-0.3691059,0.08734965,-0.6540444,0.6544897,,
1,6.355575,0.2323388,1.509226,0.1756762,-0.3307397,0.07843114,-0.6715919,0.6583495,,
1,6.366686,0.2291818,1.502051,0.1782882,-0.2942321,0.07051795,-0.6830384,0.6647656,,
1,6.377797,0.2248779,1.495872,0.1804326,-0.265277,0.06588787,-0.6879371,0.6723313,,
1,6.388908,0.2204178,1.489381,0.1818913,-0.2443544,0.06541665,-0.6858007,0.682414,,
1,6.40002,0.2176489,1.482192,0.1833634,-0.2301591,0.06597481,-0.678307,0.6946752,,
1,6.411131,0.2141207,1.47508,0.1844296,0.2151469,-0.06562714,0.6702064,-0.7072683,,
1,6.422242,0.211852,1.468546,0.183832,0.2052749,-0.06565586,0.6548513,-0.7243764,,
1,6.433353,0.2113684,1.46282,0.1812368,0.1964978,-0.0660936,0.6361353,-0.7432039,,
1,6.444465,0.210129,1.457019,0.1797295,0.1843024,-0.06473566,0.620078,-0.7598324,,
1,6.455576,0.2124375,1.452906,0.1747767,0.1794352,-0.06510181,0.600473,-0.7765287,,
1,6.466687,0.2138451,1.448348,0.1707645,0.1713042,-0.06584611,0.5835789,-0.7910467,,
1,6.477798,0.2152731,1.445268,0.1659292,0.1638138,-0.06824289,0.5704603,-0.8019245,,
1,6.48891,0.2169175,1.442117,0.1612225,0.1550515,-0.07125497,0.5578793,-0.8121899,,
1,6.500021,0.2219113,1.440792,0.1537691,0.1469064,-0.07642858,0.552739,-0.8167355,,
1,6.511132,0.2252468,1.438916,0.1480173,0.1384899,-0.08003554,0.5455163,-0.8226948,,
1,6.522243,0.2304913,1.438,0.1409122,0.1308667,-0.08486335,0.5422766,-0.8255957,,
1,6.533355,0.2360547,1.436856,0.1329603,0.1236686,-0.09051532,0.5387446,-0.8284125,,
1,6.544466,0.2409596,1.435961,0.126092,0.1192953,-0.096811,0.5341464,-0.8313146,,
1,6.555577,0.2466711,1.435457,0.1173718,0.1205478,-0.1079399,0.5273477,-0.8340993,,
1,6.566689,0.251905,1.435085,0.1095978,0.1225224,-0.1192193,0.5184113,-0.8378692,,
1,6.5778,0.2570902,1.434372,0.1012528,0.1245132,-0.1317779,0.5086872,-0.8416462,,
1,6.588911,0.2624142,1.434056,0.09297186,0.1267004,-0.1450521,0.4988418,-0.845023,,
1,6.600022,0.2679054,1.434016,0.08395565,0.130097,-0.1596484,0.4899207,-0.847092,,
1,6.611134,0.2746827,1.434607,0.07301933,0.1328333,-0.1751207,0.4832874,-0.8474205,,
1,6.622245,0.2790662,1.435121,0.06513074,0.1349578,-0.1863577,0.4805152,-0.8462638,,
1,6.633356,0.2844118,1.435656,0.05592856,0.1370907,-0.1995436,0.4773279,-0.8447169,,
1,6.644467,0.2892506,1.436388,0.04673433,0.1397428,-0.2139733,0.4747024,-0.8422262,,
1,6.655579,0.2938246,1.437897,0.03706107,0.1435471,-0.2314089,0.4738971,-0.837416,,
1,6.66669,0.2985223,1.438932,0.02781908,0.1472563,-0.2476595,0.4707211,-0.8339077,,
1,6.677801,0.3022582,1.440009,0.01857562,0.1527487,-0.2657581,0.4662109,-0.8298722,,
1,6.688912,0.3065174,1.441116,0.009409696,0.1583061,-0.2829781,0.4602938,-0.8264334,,
1,6.700024,0.3096663,1.441992,0.000529036,0.1663257,-0.3003678,0.4523504,-0.8231003,,
1,6.711135,0.3134943,1.443073,-0.009564415,0.1766089,-0.318298,0.4426048,-0.81951,,
1,6.722246,0.3166645,1.444073,-0.01748163,0.1834289,-0.3314135,0.4365887,-0.8160327,,
1,6.733357,0.3192675,1.445332,-0.0261828,0.1923767,-0.3463017,0.4304104,-0.8110568,,
1,6.744469,0.3222814,1.446754,-0.03494009,0.2003226,-0.3613618,0.4248019,-0.805501,,
1,6.75558,0.3244793,1.448455,-0.04352629,0.2091498,-0.3763793,0.4190188,-0.7993861,,
1,6.766691,0.3265932,1.450165,-0.05178922,0.2173701,-0.3902428,0.4122486,-0.7940478,,
1,6.777802,0.3284504,1.451889,-0.05976978,0.2259268,-0.4037524,0.4059136,-0.7881467,,
1,6.788914,0.3296179,1.453963,-0.06749799,0.2348931,-0.415737,0.4008211,-0.7818762,,
1,6.800025,0.3314621,1.456415,-0.07578572,0.2433404,-0.4270349,0.3967137,-0.7752709,,
1,6.811136,0.3321944,1.458807,-0.08321777,0.2522623,-0.4366537,0.3933241,-0.7687609,,
1,6.822248,0.3336748,1.461431,-0.09171207,0.2612246,-0.4467634,0.388945,-0.7621586,,
1,6.833359,0.333874,1.464211,-0.09898385,0.2694455,-0.4559436,0.3835877,-0.7565546,,
1,6.84447,0.334148,1.46696,-0.1059513,0.2773585,-0.4647564,0.3771097,-0.751573,,
1,6.855581,0.3343546,1.469647,-0.1126312,0.2845398,-0.4735405,0.3704387,-0.7467072,,
1,6.866693,0.3342559,1.472748,-0.1191154,0.2912543,-0.4832253,0.3617143,-0.7421772,,
1,6.877804,0.333681,1.476037,-0.1252491,0.2986475,-0.4932806,0.3529246,-0.7368366,,
1,6.888915,0.333008,1.47932,-0.1305104,0.3068391,-0.5024803,0.3448476,-0.7310565,,
1,6.900026,0.332623,1.482411,-0.1363576,0.3152578,-0.5116405,0.3369108,-0.724795,,
1,6.911138,0.3313344,1.48531,-0.1406016,0.3265094,-0.5193653,0.3282791,-0.7182508,,
1,6.922249,0.3301386,1.489135,-0.1451147,0.3389644,-0.5270923,0.3192168,-0.7108991,,
1,6.93336,0.3293222,1.492089,-0.1483279,0.3485583,-0.5317889,0.312562,-0.7057002,,
1,6.944471,0.3275948,1.495908,-0.1517806,0.3583583,-0.5377469,0.3054176,-0.6993766,,
1,6.955583,0.326649,1.499677,-0.155129,0.3681277,-0.5433611,0.298346,-0.6929866,,
1,6.966694,0.326649,1.499677,-0.155129,0.3681277,-0.5433611,0.298346,-0.6929866,,
1,6.977805,0.324983,1.507315,-0.1599612,0.3893076,-0.552699,0.2819117,-0.6808003,,
1,6.988916,0.3242319,1.511357,-0.1616965,0.4000135,-0.5578354,0.2729965,-0.6740043,,
1,7.000028,0.3231615,1.515353,-0.1623673,0.4101821,-0.5640348,0.2633844,-0.6665165,,
1,7.011139,0.3223223,1.519971,-0.1622382,0.4186963,-0.5708786,0.2529551,-0.6593973,,
1,7.02225,0.3217364,1.524629,-0.1621625,0.4264645,-0.5757566,0.2436679,-0.65365,,
1,7.033361,0.3208999,1.529981,-0.1617114,0.4324614,-0.5805032,0.2336815,-0.6491427,,
1,7.044473,0.3204798,1.53494,-0.1614136,0.4378858,-0.5849752,0.2231681,-0.6451792,,
1,7.055584,0.3199584,1.540433,-0.1602599,0.440691,-0.5894974,0.2117388,-0.6430016,,
1,7.066695,0.319557,1.545633,-0.1587723,0.4432878,-0.5950044,0.1997944,-0.6399592,,
1,7.077806,0.3191307,1.551476,-0.1562887,0.4450351,-0.600298,0.1874092,-0.6375451,,
1,7.088918,0.3186265,1.556328,-0.1532484,0.4494824,-0.6016734,0.1773494,-0.6360046,,
1,7.100029,0.3185208,1.561555,-0.1490603,0.455767,-0.601688,0.1666105,-0.6344202,,
1,7.11114,0.3183136,1.567013,-0.1453339,0.4606314,-0.6030726,0.1549499,-0.6325446,,
1,7.122252,0.3182122,1.57221,-0.1409531,0.4632232,-0.6045867,0.1418748,-0.6322743,,
1,7.133363,0.3180885,1.577409,-0.1365303,0.4630302,-0.6068897,0.127147,-0.6333416,,
1,7.144474,0.3180406,1.582665,-0.1321542,0.462358,-0.6089503,0.112731,-0.6345836,,
1,7.155585,0.3178821,1.587808,-0.1270288,0.4596167,-0.6097561,0.09779458,-0.6382681,,
1,7.166697,0.3178443,1.593139,-0.1214902,0.4580452,-0.6087164,0.08442749,-0.6422858,,
1,7.177808,0.3176147,1.598345,-0.1153936,0.4583418,-0.6049961,0.07334043,-0.646934,,
1,7.188919,0.3174717,1.60306,-0.1093195,0.4590054,-0.6018957,0.06159268,-0.6505705,,
1,7.20003,0.3172091,1.607321,-0.1024164,0.4598427,-0.5986634,0.04994249,-0.6539514,,
1,7.211142,0.3168928,1.6117,-0.09517427,0.4598466,-0.5951782,0.03779793,-0.6579327,,
1,7.222253,0.3166993,1.616213,-0.08754662,0.4590218,-0.5920395,0.02450846,-0.6619574,,
1,7.233364,0.316116,1.620367,-0.07944094,0.4571227,-0.5872976,0.01131062,-0.6678267,,
1,7.244475,0.3158732,1.625102,-0.07090259,0.4556208,-0.5818966,-0.000679642,-0.6736511,,
1,7.255587,0.3152288,1.629127,-0.06308886,0.4548738,-0.5754578,-0.01173116,-0.6795591,,
1,7.266698,0.3141962,1.63315,-0.05395944,0.4552085,-0.5662624,-0.01994793,-0.686829,,
1,7.277809,0.3128424,1.636585,-0.04533583,0.4564141,-0.5566639,-0.02589627,-0.6936432,,
1,7.28892,0.311417,1.640436,-0.03654859,0.4566801,-0.5478665,-0.03353037,-0.7001153,,
1,7.300032,0.3100703,1.643799,-0.02749921,0.4560924,-0.5406677,-0.04477514,-0.7054455,,
1,7.311143,0.3092177,1.646739,-0.01808196,0.4549707,-0.5346082,-0.06052428,-0.7096003,,
1,7.322254,0.3081878,1.648834,-0.008167416,0.4539539,-0.5295561,-0.08341987,-0.7117144,,
1,7.333365,0.3072127,1.650741,0.001771323,0.4554617,-0.520556,-0.1022177,-0.7149319,,
1,7.344477,0.3055559,1.652773,0.01165554,0.4590479,-0.5077219,-0.1127394,-0.7202661,,
1,7.355588,0.3034837,1.6547,0.02149266,0.4636366,-0.4932229,-0.1191501,-0.7263439,,
1,7.366699,0.3010643,1.656321,0.0316667,0.4685065,-0.47869,-0.1273834,-0.7315265,,
1,7.37781,0.2988615,1.657752,0.04117418,0.4720291,-0.4649228,-0.1376764,-0.7362612,,
1,7.388922,0.2964311,1.658252,0.05091891,0.4753535,-0.4517532,-0.1538473,-0.7391137,,
1,7.400033,0.293736,1.658379,0.06129054,0.4777972,-0.4402994,-0.1730487,-0.740203,,
1,7.411144,0.2905501,1.65865,0.07107385,0.4797904,-0.4270795,-0.1867912,-0.7433124,,
1,7.422256,0.2869345,1.659079,0.08078469,0.4819582,-0.4127474,-0.1957471,-0.747689,,
1,7.433367,0.2826759,1.659036,0.09013262,0.4851186,-0.3947179,-0.1948158,-0.7555823,,
1,7.444478,0.2776937,1.658875,0.09947982,0.4889338,-0.3756029,-0.191083,-0.7637758,,
1,7.455589,0.2729784,1.657819,0.1085896,0.4926138,-0.3584227,-0.1916829,-0.769495,,
1,7.466701,0.2684365,1.656822,0.117954,0.4955401,-0.3431921,-0.1976945,-0.7730303,,
1,7.477812,0.2638253,1.654687,0.1271035,0.49827,-0.3297005,-0.2083984,-0.774335,,
1,7.488923,0.2590988,1.651671,0.1358522,0.5009708,-0.3144167,-0.2194389,-0.7758976,,
1,7.500034,0.2541398,1.649267,0.1448231,0.5035537,-0.2970504,-0.2264392,-0.7790506,,
1,7.511146,0.2491385,1.645822,0.1536266,0.5062878,-0.2759834,-0.2304229,-0.7838438,,
1,7.522257,0.2445891,1.642841,0.1612846,0.508108,-0.2571251,-0.2326787,-0.7883995,,
1,7.533368,0.2395095,1.638668,0.1687955,0.5088164,-0.2373273,-0.2338591,-0.7937829,,
1,7.544479,0.2341028,1.634397,0.1757293,0.5071485,-0.2197522,-0.2360103,-0.7992549,,
1,7.555591,0.2287912,1.629671,0.1823493,0.5048745,-0.2034997,-0.2400291,-0.8037884,,
1,7.566702,0.2231801,1.62406,0.1892442,0.5037904,-0.1875598,-0.2452857,-0.8067538,,
1,7.577813,0.2185352,1.618648,0.1951784,0.5032588,-0.1720768,-0.2481447,-0.8096569,,
1,7.588924,0.213604,1.612807,0.2017303,-0.503409,0.1549026,0.2509198,0.8121722,,
1,7.600036,0.2091301,1.606046,0.2076852,-0.5042394,0.136927,0.2523292,0.8144467,,
1,7.611147,0.2051053,1.599034,0.2129359,-0.5035264,0.1175489,0.2528563,0.8177451,,
1,7.622258,0.2008533,1.592474,0.2180619,-0.5006807,0.09869107,0.2541226,0.8215843,,
1,7.633369,0.1976875,1.585542,0.2207992,-0.493245,0.08085091,0.2576898,0.8269029,,
1,7.644481,0.1941754,1.578588,0.2248525,-0.4881676,0.06414751,0.2627707,0.8297765,,
1,7.655592,0.1917096,1.571247,0.2274278,-0.4827333,0.04968318,0.2690782,0.8319237,,
1,7.666703,0.1889605,1.563727,0.2306383,-0.4782109,0.03431489,0.2737181,0.8337957,,
1,7.677814,0.1874475,1.5558,0.2326905,-0.4735553,0.01910865,0.2767421,0.835939,,
1,7.688926,0.1867397,1.547722,0.2341118,-0.4686013,0.003265947,0.2785798,0.8383289,,
1,7.700037,0.1865418,1.539597,0.2355831,-0.4633594,-0.01354679,0.2805546,0.8404782,,
1,7.711148,0.1874786,1.531398,0.2360481,-0.4580228,-0.0293857,0.2841389,0.8417937,,
1,7.72226,0.1880422,1.523793,0.2366752,-0.4516662,-0.04361635,0.2886937,0.8430606,,
1,7.733371,0.1898815,1.516246,0.2357776,-0.4427223,-0.05472329,0.2950307,0.844961,,
1,7.744482,0.190801,1.509028,0.2348823,-0.4319523,-0.06256382,0.3016575,0.8476471,,
1,7.755593,0.1933284,1.501762,0.2329132,-0.4199316,-0.0694187,0.3060923,0.8515551,,
1,7.766705,0.1954096,1.494446,0.231444,-0.4086325,-0.07650402,0.3094304,0.8552307,,
1,7.777816,0.1988916,1.487058,0.2290323,-0.3970182,-0.08118339,0.3099145,0.8600807,,
1,7.788927,0.2034542,1.479367,0.2255723,-0.3851348,-0.08282807,0.3080699,0.8659698,,
1,7.800038,0.2075133,1.472069,0.2230622,-0.3742778,-0.08594464,0.3093485,0.8699616,,
1,7.81115,0.2122899,1.464514,0.219792,-0.3625974,-0.08771872,0.3101,0.8744521,,
1,7.822261,0.2178093,1.457724,0.2159018,-0.3503105,-0.08626254,0.3124034,0.878775,,
1,7.833372,0.2242902,1.451503,0.21106,-0.3372678,-0.0816968,0.3161834,0.8829519,,
1,7.844483,0.23012,1.445348,0.2068317,-0.3251162,-0.07824474,0.3198901,0.8864804,,
1,7.855595,0.2368178,1.439226,0.2017776,-0.3121144,-0.07119217,0.3241705,0.8901852,,
1,7.866706,0.2435391,1.433481,0.1965162,-0.2991455,-0.06312329,0.3277872,0.8939143,,
1,7.877817,0.2506515,1.42801,0.1907864,-0.2858325,-0.05292955,0.3309717,0.8977504,,
1,7.888928,0.2575699,1.422659,0.1851017,-0.2730276,-0.04244225,0.3343703,0.9010279,,
1,7.90004,0.2651637,1.417772,0.1790977,-0.2612544,-0.02893884,0.338782,0.9034021,,
1,7.911151,0.2729203,1.413102,0.1727293,-0.2497419,-0.01346175,0.3422768,0.905701,,
1,7.922262,0.2805506,1.408741,0.1662049,-0.2387723,0.00283584,0.3430212,0.9084691,,
1,7.933373,0.2883298,1.404306,0.1596629,-0.2277996,0.01945652,0.3432663,0.9109868,,
1,7.944485,0.296118,1.400546,0.1525918,-0.2176948,0.03853649,0.3413022,0.9135845,,
1,7.955596,0.3041226,1.396911,0.1453719,-0.2090981,0.05884579,0.3390152,0.91536,,
1,7.966707,0.3116691,1.393362,0.1383609,0.2014408,-0.078752,-0.3379308,-0.9159818,,
1,7.977818,0.3195666,1.389848,0.1308442,0.1962926,-0.1019176,-0.3366391,-0.9152901,,
